รหัสทางแยก,ชื่อทางแยกและทิศทาง,Edge_ขาเข้า,วินาทีเริ่มต้น,วินาทีสิ้นสุด,ช่วงเวลา,ประเภทรถ,ปริมาณรถ(คัน/ชม.),แหล่งที่มา
PTW-01,แยกปทุมวัน ขาเข้า ถ.พญาไท,edge_phayathai_in,25200,32400,เร่งด่วนเช้า,รถจักรยาน,0.035,ข้อมูลจาก_PDF
PTW-01,แยกปทุมวัน ขาเข้า ถ.พญาไท,edge_phayathai_in,25200,32400,เร่งด่วนเช้า,รถจักรยานยนต์,2.132,ข้อมูลจาก_PDF
PTW-01,แยกปทุมวัน ขาเข้า ถ.พญาไท,edge_phayathai_in,25200,32400,เร่งด่วนเช้า,รถตุ๊กตุ๊ก_สามล้อ,0.07,ข้อมูลจาก_PDF
PTW-01,แยกปทุมวัน ขาเข้า ถ.พญาไท,edge_phayathai_in,25200,32400,เร่งด่วนเช้า,รถยนต์นั่งส่วนบุคคล,3.198,ข้อมูลจาก_PDF
PTW-01,แยกปทุมวัน ขาเข้า ถ.พญาไท,edge_phayathai_in,25200,32400,เร่งด่วนเช้า,รถแท็กซี่,0.711,ข้อมูลจาก_PDF
PTW-01,แยกปทุมวัน ขาเข้า ถ.พญาไท,edge_phayathai_in,25200,32400,เร่งด่วนเช้า,รถตู้,0.213,ข้อมูลจาก_PDF
PTW-01,แยกปทุมวัน ขาเข้า ถ.พญาไท,edge_phayathai_in,25200,32400,เร่งด่วนเช้า,รถโดยสารขนาดเล็ก,0.142,ข้อมูลจาก_PDF
PTW-01,แยกปทุมวัน ขาเข้า ถ.พญาไท,edge_phayathai_in,25200,32400,เร่งด่วนเช้า,รถโดยสารขนาดใหญ่,0.213,ข้อมูลจาก_PDF
PTW-01,แยกปทุมวัน ขาเข้า ถ.พญาไท,edge_phayathai_in,25200,32400,เร่งด่วนเช้า,รถบรรทุก4ล้อ,0.283,ข้อมูลจาก_PDF
PTW-01,แยกปทุมวัน ขาเข้า ถ.พญาไท,edge_phayathai_in,25200,32400,เร่งด่วนเช้า,รถบรรทุก6ล้อ,0.07,ข้อมูลจาก_PDF
PTW-01,แยกปทุมวัน ขาเข้า ถ.พญาไท,edge_phayathai_in,25200,32400,เร่งด่วนเช้า,รถบรรทุก10ล้อขึ้นไป,0.021,ข้อมูลจาก_PDF
PTW-01,แยกปทุมวัน ขาเข้า ถ.พญาไท,edge_phayathai_in,25200,32400,เร่งด่วนเช้า,รถพ่วง_รถกึ่งพ่วง,0.021,ข้อมูลจาก_PDF
PTW-01,แยกปทุมวัน ขาเข้า ถ.พญาไท,edge_phayathai_in,32400,54000,นอกเวลาเร่งด่วน,รถจักรยาน,0.013,ข้อมูลจาก_PDF
PTW-01,แยกปทุมวัน ขาเข้า ถ.พญาไท,edge_phayathai_in,32400,54000,นอกเวลาเร่งด่วน,รถจักรยานยนต์,0.829,ข้อมูลจาก_PDF
PTW-01,แยกปทุมวัน ขาเข้า ถ.พญาไท,edge_phayathai_in,32400,54000,นอกเวลาเร่งด่วน,รถตุ๊กตุ๊ก_สามล้อ,0.027,ข้อมูลจาก_PDF
PTW-01,แยกปทุมวัน ขาเข้า ถ.พญาไท,edge_phayathai_in,32400,54000,นอกเวลาเร่งด่วน,รถยนต์นั่งส่วนบุคคล,1.244,ข้อมูลจาก_PDF
PTW-01,แยกปทุมวัน ขาเข้า ถ.พญาไท,edge_phayathai_in,32400,54000,นอกเวลาเร่งด่วน,รถแท็กซี่,0.276,ข้อมูลจาก_PDF
PTW-01,แยกปทุมวัน ขาเข้า ถ.พญาไท,edge_phayathai_in,32400,54000,นอกเวลาเร่งด่วน,รถตู้,0.082,ข้อมูลจาก_PDF
PTW-01,แยกปทุมวัน ขาเข้า ถ.พญาไท,edge_phayathai_in,32400,54000,นอกเวลาเร่งด่วน,รถโดยสารขนาดเล็ก,0.055,ข้อมูลจาก_PDF
PTW-01,แยกปทุมวัน ขาเข้า ถ.พญาไท,edge_phayathai_in,32400,54000,นอกเวลาเร่งด่วน,รถโดยสารขนาดใหญ่,0.082,ข้อมูลจาก_PDF
PTW-01,แยกปทุมวัน ขาเข้า ถ.พญาไท,edge_phayathai_in,32400,54000,นอกเวลาเร่งด่วน,รถบรรทุก4ล้อ,0.11,ข้อมูลจาก_PDF
PTW-01,แยกปทุมวัน ขาเข้า ถ.พญาไท,edge_phayathai_in,32400,54000,นอกเวลาเร่งด่วน,รถบรรทุก6ล้อ,0.027,ข้อมูลจาก_PDF
PTW-01,แยกปทุมวัน ขาเข้า ถ.พญาไท,edge_phayathai_in,32400,54000,นอกเวลาเร่งด่วน,รถบรรทุก10ล้อขึ้นไป,0.008,ข้อมูลจาก_PDF
PTW-01,แยกปทุมวัน ขาเข้า ถ.พญาไท,edge_phayathai_in,32400,54000,นอกเวลาเร่งด่วน,รถพ่วง_รถกึ่งพ่วง,0.012,ข้อมูลจาก_PDF
PTW-01,แยกปทุมวัน ขาเข้า ถ.พญาไท,edge_phayathai_in,54000,64800,เร่งด่วนเย็น,รถจักรยาน,0.027,ข้อมูลจาก_PDF
PTW-01,แยกปทุมวัน ขาเข้า ถ.พญาไท,edge_phayathai_in,54000,64800,เร่งด่วนเย็น,รถจักรยานยนต์,1.659,ข้อมูลจาก_PDF
PTW-01,แยกปทุมวัน ขาเข้า ถ.พญาไท,edge_phayathai_in,54000,64800,เร่งด่วนเย็น,รถตุ๊กตุ๊ก_สามล้อ,0.055,ข้อมูลจาก_PDF
PTW-01,แยกปทุมวัน ขาเข้า ถ.พญาไท,edge_phayathai_in,54000,64800,เร่งด่วนเย็น,รถยนต์นั่งส่วนบุคคล,2.488,ข้อมูลจาก_PDF
PTW-01,แยกปทุมวัน ขาเข้า ถ.พญาไท,edge_phayathai_in,54000,64800,เร่งด่วนเย็น,รถแท็กซี่,0.553,ข้อมูลจาก_PDF
PTW-01,แยกปทุมวัน ขาเข้า ถ.พญาไท,edge_phayathai_in,54000,64800,เร่งด่วนเย็น,รถตู้,0.165,ข้อมูลจาก_PDF
PTW-01,แยกปทุมวัน ขาเข้า ถ.พญาไท,edge_phayathai_in,54000,64800,เร่งด่วนเย็น,รถโดยสารขนาดเล็ก,0.11,ข้อมูลจาก_PDF
PTW-01,แยกปทุมวัน ขาเข้า ถ.พญาไท,edge_phayathai_in,54000,64800,เร่งด่วนเย็น,รถโดยสารขนาดใหญ่,0.165,ข้อมูลจาก_PDF
PTW-01,แยกปทุมวัน ขาเข้า ถ.พญาไท,edge_phayathai_in,54000,64800,เร่งด่วนเย็น,รถบรรทุก4ล้อ,0.22,ข้อมูลจาก_PDF
PTW-01,แยกปทุมวัน ขาเข้า ถ.พญาไท,edge_phayathai_in,54000,64800,เร่งด่วนเย็น,รถบรรทุก6ล้อ,0.055,ข้อมูลจาก_PDF
PTW-01,แยกปทุมวัน ขาเข้า ถ.พญาไท,edge_phayathai_in,54000,64800,เร่งด่วนเย็น,รถบรรทุก10ล้อขึ้นไป,0.016,ข้อมูลจาก_PDF
PTW-01,แยกปทุมวัน ขาเข้า ถ.พญาไท,edge_phayathai_in,54000,64800,เร่งด่วนเย็น,รถพ่วง_รถกึ่งพ่วง,0.016,ข้อมูลจาก_PDF
PTW-01,แยกปทุมวัน ขาเข้า ถ.พระราม1,edge_rama1_in,25200,32400,เร่งด่วนเช้า,รถจักรยาน,0.025,ข้อมูลจาก_PDF
PTW-01,แยกปทุมวัน ขาเข้า ถ.พระราม1,edge_rama1_in,25200,32400,เร่งด่วนเช้า,รถจักรยานยนต์,1.523,ข้อมูลจาก_PDF
PTW-01,แยกปทุมวัน ขาเข้า ถ.พระราม1,edge_rama1_in,25200,32400,เร่งด่วนเช้า,รถตุ๊กตุ๊ก_สามล้อ,0.05,ข้อมูลจาก_PDF
PTW-01,แยกปทุมวัน ขาเข้า ถ.พระราม1,edge_rama1_in,25200,32400,เร่งด่วนเช้า,รถยนต์นั่งส่วนบุคคล,2.284,ข้อมูลจาก_PDF
PTW-01,แยกปทุมวัน ขาเข้า ถ.พระราม1,edge_rama1_in,25200,32400,เร่งด่วนเช้า,รถแท็กซี่,0.507,ข้อมูลจาก_PDF
PTW-01,แยกปทุมวัน ขาเข้า ถ.พระราม1,edge_rama1_in,25200,32400,เร่งด่วนเช้า,รถตู้,0.152,ข้อมูลจาก_PDF
PTW-01,แยกปทุมวัน ขาเข้า ถ.พระราม1,edge_rama1_in,25200,32400,เร่งด่วนเช้า,รถโดยสารขนาดเล็ก,0.101,ข้อมูลจาก_PDF
PTW-01,แยกปทุมวัน ขาเข้า ถ.พระราม1,edge_rama1_in,25200,32400,เร่งด่วนเช้า,รถโดยสารขนาดใหญ่,0.152,ข้อมูลจาก_PDF
PTW-01,แยกปทุมวัน ขาเข้า ถ.พระราม1,edge_rama1_in,25200,32400,เร่งด่วนเช้า,รถบรรทุก4ล้อ,0.203,ข้อมูลจาก_PDF
PTW-01,แยกปทุมวัน ขาเข้า ถ.พระราม1,edge_rama1_in,25200,32400,เร่งด่วนเช้า,รถบรรทุก6ล้อ,0.05,ข้อมูลจาก_PDF
PTW-01,แยกปทุมวัน ขาเข้า ถ.พระราม1,edge_rama1_in,25200,32400,เร่งด่วนเช้า,รถบรรทุก10ล้อขึ้นไป,0.015,ข้อมูลจาก_PDF
PTW-01,แยกปทุมวัน ขาเข้า ถ.พระราม1,edge_rama1_in,25200,32400,เร่งด่วนเช้า,รถพ่วง_รถกึ่งพ่วง,0.015,ข้อมูลจาก_PDF
PTW-01,แยกปทุมวัน ขาเข้า ถ.พระราม1,edge_rama1_in,32400,54000,นอกเวลาเร่งด่วน,รถจักรยาน,0.009,ข้อมูลจาก_PDF
PTW-01,แยกปทุมวัน ขาเข้า ถ.พระราม1,edge_rama1_in,32400,54000,นอกเวลาเร่งด่วน,รถจักรยานยนต์,0.591,ข้อมูลจาก_PDF
PTW-01,แยกปทุมวัน ขาเข้า ถ.พระราม1,edge_rama1_in,32400,54000,นอกเวลาเร่งด่วน,รถตุ๊กตุ๊ก_สามล้อ,0.02,ข้อมูลจาก_PDF
PTW-01,แยกปทุมวัน ขาเข้า ถ.พระราม1,edge_rama1_in,32400,54000,นอกเวลาเร่งด่วน,รถยนต์นั่งส่วนบุคคล,0.888,ข้อมูลจาก_PDF
PTW-01,แยกปทุมวัน ขาเข้า ถ.พระราม1,edge_rama1_in,32400,54000,นอกเวลาเร่งด่วน,รถแท็กซี่,0.197,ข้อมูลจาก_PDF
PTW-01,แยกปทุมวัน ขาเข้า ถ.พระราม1,edge_rama1_in,32400,54000,นอกเวลาเร่งด่วน,รถตู้,0.059,ข้อมูลจาก_PDF
PTW-01,แยกปทุมวัน ขาเข้า ถ.พระราม1,edge_rama1_in,32400,54000,นอกเวลาเร่งด่วน,รถโดยสารขนาดเล็ก,0.039,ข้อมูลจาก_PDF
PTW-01,แยกปทุมวัน ขาเข้า ถ.พระราม1,edge_rama1_in,32400,54000,นอกเวลาเร่งด่วน,รถโดยสารขนาดใหญ่,0.059,ข้อมูลจาก_PDF
PTW-01,แยกปทุมวัน ขาเข้า ถ.พระราม1,edge_rama1_in,32400,54000,นอกเวลาเร่งด่วน,รถบรรทุก4ล้อ,0.078,ข้อมูลจาก_PDF
PTW-01,แยกปทุมวัน ขาเข้า ถ.พระราม1,edge_rama1_in,32400,54000,นอกเวลาเร่งด่วน,รถบรรทุก6ล้อ,0.02,ข้อมูลจาก_PDF
PTW-01,แยกปทุมวัน ขาเข้า ถ.พระราม1,edge_rama1_in,32400,54000,นอกเวลาเร่งด่วน,รถบรรทุก10ล้อขึ้นไป,0.006,ข้อมูลจาก_PDF
PTW-01,แยกปทุมวัน ขาเข้า ถ.พระราม1,edge_rama1_in,32400,54000,นอกเวลาเร่งด่วน,รถพ่วง_รถกึ่งพ่วง,0.008,ข้อมูลจาก_PDF
PTW-01,แยกปทุมวัน ขาเข้า ถ.พระราม1,edge_rama1_in,54000,64800,เร่งด่วนเย็น,รถจักรยาน,0.019,ข้อมูลจาก_PDF
PTW-01,แยกปทุมวัน ขาเข้า ถ.พระราม1,edge_rama1_in,54000,64800,เร่งด่วนเย็น,รถจักรยานยนต์,1.184,ข้อมูลจาก_PDF
PTW-01,แยกปทุมวัน ขาเข้า ถ.พระราม1,edge_rama1_in,54000,64800,เร่งด่วนเย็น,รถตุ๊กตุ๊ก_สามล้อ,0.039,ข้อมูลจาก_PDF
PTW-01,แยกปทุมวัน ขาเข้า ถ.พระราม1,edge_rama1_in,54000,64800,เร่งด่วนเย็น,รถยนต์นั่งส่วนบุคคล,1.777,ข้อมูลจาก_PDF
PTW-01,แยกปทุมวัน ขาเข้า ถ.พระราม1,edge_rama1_in,54000,64800,เร่งด่วนเย็น,รถแท็กซี่,0.395,ข้อมูลจาก_PDF
PTW-01,แยกปทุมวัน ขาเข้า ถ.พระราม1,edge_rama1_in,54000,64800,เร่งด่วนเย็น,รถตู้,0.118,ข้อมูลจาก_PDF
PTW-01,แยกปทุมวัน ขาเข้า ถ.พระราม1,edge_rama1_in,54000,64800,เร่งด่วนเย็น,รถโดยสารขนาดเล็ก,0.078,ข้อมูลจาก_PDF
PTW-01,แยกปทุมวัน ขาเข้า ถ.พระราม1,edge_rama1_in,54000,64800,เร่งด่วนเย็น,รถโดยสารขนาดใหญ่,0.118,ข้อมูลจาก_PDF
PTW-01,แยกปทุมวัน ขาเข้า ถ.พระราม1,edge_rama1_in,54000,64800,เร่งด่วนเย็น,รถบรรทุก4ล้อ,0.157,ข้อมูลจาก_PDF
PTW-01,แยกปทุมวัน ขาเข้า ถ.พระราม1,edge_rama1_in,54000,64800,เร่งด่วนเย็น,รถบรรทุก6ล้อ,0.039,ข้อมูลจาก_PDF
PTW-01,แยกปทุมวัน ขาเข้า ถ.พระราม1,edge_rama1_in,54000,64800,เร่งด่วนเย็น,รถบรรทุก10ล้อขึ้นไป,0.012,ข้อมูลจาก_PDF
PTW-01,แยกปทุมวัน ขาเข้า ถ.พระราม1,edge_rama1_in,54000,64800,เร่งด่วนเย็น,รถพ่วง_รถกึ่งพ่วง,0.013,ข้อมูลจาก_PDF
PTW-02,แยกราชประสงค์ ขาเข้า ถ.ราชดำริ,edge_ratchadamri_in,25200,32400,เร่งด่วนเช้า,รถจักรยาน,0.006,ข้อมูลจาก_PDF
PTW-02,แยกราชประสงค์ ขาเข้า ถ.ราชดำริ,edge_ratchadamri_in,25200,32400,เร่งด่วนเช้า,รถจักรยานยนต์,0.353,ข้อมูลจาก_PDF
PTW-02,แยกราชประสงค์ ขาเข้า ถ.ราชดำริ,edge_ratchadamri_in,25200,32400,เร่งด่วนเช้า,รถตุ๊กตุ๊ก_สามล้อ,0.012,ข้อมูลจาก_PDF
PTW-02,แยกราชประสงค์ ขาเข้า ถ.ราชดำริ,edge_ratchadamri_in,25200,32400,เร่งด่วนเช้า,รถยนต์นั่งส่วนบุคคล,0.528,ข้อมูลจาก_PDF
PTW-02,แยกราชประสงค์ ขาเข้า ถ.ราชดำริ,edge_ratchadamri_in,25200,32400,เร่งด่วนเช้า,รถแท็กซี่,0.117,ข้อมูลจาก_PDF
PTW-02,แยกราชประสงค์ ขาเข้า ถ.ราชดำริ,edge_ratchadamri_in,25200,32400,เร่งด่วนเช้า,รถตู้,0.035,ข้อมูลจาก_PDF
PTW-02,แยกราชประสงค์ ขาเข้า ถ.ราชดำริ,edge_ratchadamri_in,25200,32400,เร่งด่วนเช้า,รถโดยสารขนาดเล็ก,0.023,ข้อมูลจาก_PDF
PTW-02,แยกราชประสงค์ ขาเข้า ถ.ราชดำริ,edge_ratchadamri_in,25200,32400,เร่งด่วนเช้า,รถโดยสารขนาดใหญ่,0.035,ข้อมูลจาก_PDF
PTW-02,แยกราชประสงค์ ขาเข้า ถ.ราชดำริ,edge_ratchadamri_in,25200,32400,เร่งด่วนเช้า,รถบรรทุก4ล้อ,0.047,ข้อมูลจาก_PDF
PTW-02,แยกราชประสงค์ ขาเข้า ถ.ราชดำริ,edge_ratchadamri_in,25200,32400,เร่งด่วนเช้า,รถบรรทุก6ล้อ,0.012,ข้อมูลจาก_PDF
PTW-02,แยกราชประสงค์ ขาเข้า ถ.ราชดำริ,edge_ratchadamri_in,25200,32400,เร่งด่วนเช้า,รถบรรทุก10ล้อขึ้นไป,0.004,ข้อมูลจาก_PDF
PTW-02,แยกราชประสงค์ ขาเข้า ถ.ราชดำริ,edge_ratchadamri_in,25200,32400,เร่งด่วนเช้า,รถพ่วง_รถกึ่งพ่วง,0.005,ข้อมูลจาก_PDF
PTW-02,แยกราชประสงค์ ขาเข้า ถ.ราชดำริ,edge_ratchadamri_in,32400,54000,นอกเวลาเร่งด่วน,รถจักรยาน,0.002,ข้อมูลจาก_PDF
PTW-02,แยกราชประสงค์ ขาเข้า ถ.ราชดำริ,edge_ratchadamri_in,32400,54000,นอกเวลาเร่งด่วน,รถจักรยานยนต์,0.137,ข้อมูลจาก_PDF
PTW-02,แยกราชประสงค์ ขาเข้า ถ.ราชดำริ,edge_ratchadamri_in,32400,54000,นอกเวลาเร่งด่วน,รถตุ๊กตุ๊ก_สามล้อ,0.005,ข้อมูลจาก_PDF
PTW-02,แยกราชประสงค์ ขาเข้า ถ.ราชดำริ,edge_ratchadamri_in,32400,54000,นอกเวลาเร่งด่วน,รถยนต์นั่งส่วนบุคคล,0.205,ข้อมูลจาก_PDF
PTW-02,แยกราชประสงค์ ขาเข้า ถ.ราชดำริ,edge_ratchadamri_in,32400,54000,นอกเวลาเร่งด่วน,รถแท็กซี่,0.046,ข้อมูลจาก_PDF
PTW-02,แยกราชประสงค์ ขาเข้า ถ.ราชดำริ,edge_ratchadamri_in,32400,54000,นอกเวลาเร่งด่วน,รถตู้,0.013,ข้อมูลจาก_PDF
PTW-02,แยกราชประสงค์ ขาเข้า ถ.ราชดำริ,edge_ratchadamri_in,32400,54000,นอกเวลาเร่งด่วน,รถโดยสารขนาดเล็ก,0.009,ข้อมูลจาก_PDF
PTW-02,แยกราชประสงค์ ขาเข้า ถ.ราชดำริ,edge_ratchadamri_in,32400,54000,นอกเวลาเร่งด่วน,รถโดยสารขนาดใหญ่,0.013,ข้อมูลจาก_PDF
PTW-02,แยกราชประสงค์ ขาเข้า ถ.ราชดำริ,edge_ratchadamri_in,32400,54000,นอกเวลาเร่งด่วน,รถบรรทุก4ล้อ,0.018,ข้อมูลจาก_PDF
PTW-02,แยกราชประสงค์ ขาเข้า ถ.ราชดำริ,edge_ratchadamri_in,32400,54000,นอกเวลาเร่งด่วน,รถบรรทุก6ล้อ,0.005,ข้อมูลจาก_PDF
PTW-02,แยกราชประสงค์ ขาเข้า ถ.ราชดำริ,edge_ratchadamri_in,32400,54000,นอกเวลาเร่งด่วน,รถบรรทุก10ล้อขึ้นไป,0.002,ข้อมูลจาก_PDF
PTW-02,แยกราชประสงค์ ขาเข้า ถ.ราชดำริ,edge_ratchadamri_in,32400,54000,นอกเวลาเร่งด่วน,รถพ่วง_รถกึ่งพ่วง,0.002,ข้อมูลจาก_PDF
PTW-02,แยกราชประสงค์ ขาเข้า ถ.ราชดำริ,edge_ratchadamri_in,54000,64800,เร่งด่วนเย็น,รถจักรยาน,0.005,ข้อมูลจาก_PDF
PTW-02,แยกราชประสงค์ ขาเข้า ถ.ราชดำริ,edge_ratchadamri_in,54000,64800,เร่งด่วนเย็น,รถจักรยานยนต์,0.274,ข้อมูลจาก_PDF
PTW-02,แยกราชประสงค์ ขาเข้า ถ.ราชดำริ,edge_ratchadamri_in,54000,64800,เร่งด่วนเย็น,รถตุ๊กตุ๊ก_สามล้อ,0.009,ข้อมูลจาก_PDF
PTW-02,แยกราชประสงค์ ขาเข้า ถ.ราชดำริ,edge_ratchadamri_in,54000,64800,เร่งด่วนเย็น,รถยนต์นั่งส่วนบุคคล,0.411,ข้อมูลจาก_PDF
PTW-02,แยกราชประสงค์ ขาเข้า ถ.ราชดำริ,edge_ratchadamri_in,54000,64800,เร่งด่วนเย็น,รถแท็กซี่,0.091,ข้อมูลจาก_PDF
PTW-02,แยกราชประสงค์ ขาเข้า ถ.ราชดำริ,edge_ratchadamri_in,54000,64800,เร่งด่วนเย็น,รถตู้,0.027,ข้อมูลจาก_PDF
PTW-02,แยกราชประสงค์ ขาเข้า ถ.ราชดำริ,edge_ratchadamri_in,54000,64800,เร่งด่วนเย็น,รถโดยสารขนาดเล็ก,0.018,ข้อมูลจาก_PDF
PTW-02,แยกราชประสงค์ ขาเข้า ถ.ราชดำริ,edge_ratchadamri_in,54000,64800,เร่งด่วนเย็น,รถโดยสารขนาดใหญ่,0.027,ข้อมูลจาก_PDF
PTW-02,แยกราชประสงค์ ขาเข้า ถ.ราชดำริ,edge_ratchadamri_in,54000,64800,เร่งด่วนเย็น,รถบรรทุก4ล้อ,0.036,ข้อมูลจาก_PDF
PTW-02,แยกราชประสงค์ ขาเข้า ถ.ราชดำริ,edge_ratchadamri_in,54000,64800,เร่งด่วนเย็น,รถบรรทุก6ล้อ,0.009,ข้อมูลจาก_PDF
PTW-02,แยกราชประสงค์ ขาเข้า ถ.ราชดำริ,edge_ratchadamri_in,54000,64800,เร่งด่วนเย็น,รถบรรทุก10ล้อขึ้นไป,0.004,ข้อมูลจาก_PDF
PTW-02,แยกราชประสงค์ ขาเข้า ถ.ราชดำริ,edge_ratchadamri_in,54000,64800,เร่งด่วนเย็น,รถพ่วง_รถกึ่งพ่วง,0.004,ข้อมูลจาก_PDF
PTW-03,แยกเฉลิมเผ่า ขาเข้า ถ.พระราม1,edge_chalermphao_in,25200,32400,เร่งด่วนเช้า,รถจักรยาน,0.028,ข้อมูลจาก_PDF
PTW-03,แยกเฉลิมเผ่า ขาเข้า ถ.พระราม1,edge_chalermphao_in,25200,32400,เร่งด่วนเช้า,รถจักรยานยนต์,1.652,ข้อมูลจาก_PDF
PTW-03,แยกเฉลิมเผ่า ขาเข้า ถ.พระราม1,edge_chalermphao_in,25200,32400,เร่งด่วนเช้า,รถตุ๊กตุ๊ก_สามล้อ,0.055,ข้อมูลจาก_PDF
PTW-03,แยกเฉลิมเผ่า ขาเข้า ถ.พระราม1,edge_chalermphao_in,25200,32400,เร่งด่วนเช้า,รถยนต์นั่งส่วนบุคคล,2.477,ข้อมูลจาก_PDF
PTW-03,แยกเฉลิมเผ่า ขาเข้า ถ.พระราม1,edge_chalermphao_in,25200,32400,เร่งด่วนเช้า,รถแท็กซี่,0.551,ข้อมูลจาก_PDF
PTW-03,แยกเฉลิมเผ่า ขาเข้า ถ.พระราม1,edge_chalermphao_in,25200,32400,เร่งด่วนเช้า,รถตู้,0.165,ข้อมูลจาก_PDF
PTW-03,แยกเฉลิมเผ่า ขาเข้า ถ.พระราม1,edge_chalermphao_in,25200,32400,เร่งด่วนเช้า,รถโดยสารขนาดเล็ก,0.11,ข้อมูลจาก_PDF
PTW-03,แยกเฉลิมเผ่า ขาเข้า ถ.พระราม1,edge_chalermphao_in,25200,32400,เร่งด่วนเช้า,รถโดยสารขนาดใหญ่,0.165,ข้อมูลจาก_PDF
PTW-03,แยกเฉลิมเผ่า ขาเข้า ถ.พระราม1,edge_chalermphao_in,25200,32400,เร่งด่วนเช้า,รถบรรทุก4ล้อ,0.22,ข้อมูลจาก_PDF
PTW-03,แยกเฉลิมเผ่า ขาเข้า ถ.พระราม1,edge_chalermphao_in,25200,32400,เร่งด่วนเช้า,รถบรรทุก6ล้อ,0.055,ข้อมูลจาก_PDF
PTW-03,แยกเฉลิมเผ่า ขาเข้า ถ.พระราม1,edge_chalermphao_in,25200,32400,เร่งด่วนเช้า,รถบรรทุก10ล้อขึ้นไป,0.016,ข้อมูลจาก_PDF
PTW-03,แยกเฉลิมเผ่า ขาเข้า ถ.พระราม1,edge_chalermphao_in,25200,32400,เร่งด่วนเช้า,รถพ่วง_รถกึ่งพ่วง,0.016,ข้อมูลจาก_PDF
PTW-03,แยกเฉลิมเผ่า ขาเข้า ถ.พระราม1,edge_chalermphao_in,32400,54000,นอกเวลาเร่งด่วน,รถจักรยาน,0.005,ข้อมูลจาก_PDF
PTW-03,แยกเฉลิมเผ่า ขาเข้า ถ.พระราม1,edge_chalermphao_in,32400,54000,นอกเวลาเร่งด่วน,รถจักรยานยนต์,0.287,ข้อมูลจาก_PDF
PTW-03,แยกเฉลิมเผ่า ขาเข้า ถ.พระราม1,edge_chalermphao_in,32400,54000,นอกเวลาเร่งด่วน,รถตุ๊กตุ๊ก_สามล้อ,0.009,ข้อมูลจาก_PDF
PTW-03,แยกเฉลิมเผ่า ขาเข้า ถ.พระราม1,edge_chalermphao_in,32400,54000,นอกเวลาเร่งด่วน,รถยนต์นั่งส่วนบุคคล,0.431,ข้อมูลจาก_PDF
PTW-03,แยกเฉลิมเผ่า ขาเข้า ถ.พระราม1,edge_chalermphao_in,32400,54000,นอกเวลาเร่งด่วน,รถแท็กซี่,0.096,ข้อมูลจาก_PDF
PTW-03,แยกเฉลิมเผ่า ขาเข้า ถ.พระราม1,edge_chalermphao_in,32400,54000,นอกเวลาเร่งด่วน,รถตู้,0.029,ข้อมูลจาก_PDF
PTW-03,แยกเฉลิมเผ่า ขาเข้า ถ.พระราม1,edge_chalermphao_in,32400,54000,นอกเวลาเร่งด่วน,รถโดยสารขนาดเล็ก,0.019,ข้อมูลจาก_PDF
PTW-03,แยกเฉลิมเผ่า ขาเข้า ถ.พระราม1,edge_chalermphao_in,32400,54000,นอกเวลาเร่งด่วน,รถโดยสารขนาดใหญ่,0.029,ข้อมูลจาก_PDF
PTW-03,แยกเฉลิมเผ่า ขาเข้า ถ.พระราม1,edge_chalermphao_in,32400,54000,นอกเวลาเร่งด่วน,รถบรรทุก4ล้อ,0.039,ข้อมูลจาก_PDF
PTW-03,แยกเฉลิมเผ่า ขาเข้า ถ.พระราม1,edge_chalermphao_in,32400,54000,นอกเวลาเร่งด่วน,รถบรรทุก6ล้อ,0.009,ข้อมูลจาก_PDF
PTW-03,แยกเฉลิมเผ่า ขาเข้า ถ.พระราม1,edge_chalermphao_in,32400,54000,นอกเวลาเร่งด่วน,รถบรรทุก10ล้อขึ้นไป,0.002,ข้อมูลจาก_PDF
PTW-03,แยกเฉลิมเผ่า ขาเข้า ถ.พระราม1,edge_chalermphao_in,32400,54000,นอกเวลาเร่งด่วน,รถพ่วง_รถกึ่งพ่วง,0.002,ข้อมูลจาก_PDF
PTW-03,แยกเฉลิมเผ่า ขาเข้า ถ.พระราม1,edge_chalermphao_in,54000,64800,เร่งด่วนเย็น,รถจักรยาน,0.019,ข้อมูลจาก_PDF
PTW-03,แยกเฉลิมเผ่า ขาเข้า ถ.พระราม1,edge_chalermphao_in,54000,64800,เร่งด่วนเย็น,รถจักรยานยนต์,1.101,ข้อมูลจาก_PDF
PTW-03,แยกเฉลิมเผ่า ขาเข้า ถ.พระราม1,edge_chalermphao_in,54000,64800,เร่งด่วนเย็น,รถตุ๊กตุ๊ก_สามล้อ,0.036,ข้อมูลจาก_PDF
PTW-03,แยกเฉลิมเผ่า ขาเข้า ถ.พระราม1,edge_chalermphao_in,54000,64800,เร่งด่วนเย็น,รถยนต์นั่งส่วนบุคคล,1.652,ข้อมูลจาก_PDF
PTW-03,แยกเฉลิมเผ่า ขาเข้า ถ.พระราม1,edge_chalermphao_in,54000,64800,เร่งด่วนเย็น,รถแท็กซี่,0.367,ข้อมูลจาก_PDF
PTW-03,แยกเฉลิมเผ่า ขาเข้า ถ.พระราม1,edge_chalermphao_in,54000,64800,เร่งด่วนเย็น,รถตู้,0.11,ข้อมูลจาก_PDF
PTW-03,แยกเฉลิมเผ่า ขาเข้า ถ.พระราม1,edge_chalermphao_in,54000,64800,เร่งด่วนเย็น,รถโดยสารขนาดเล็ก,0.074,ข้อมูลจาก_PDF
PTW-03,แยกเฉลิมเผ่า ขาเข้า ถ.พระราม1,edge_chalermphao_in,54000,64800,เร่งด่วนเย็น,รถโดยสารขนาดใหญ่,0.11,ข้อมูลจาก_PDF
PTW-03,แยกเฉลิมเผ่า ขาเข้า ถ.พระราม1,edge_chalermphao_in,54000,64800,เร่งด่วนเย็น,รถบรรทุก4ล้อ,0.146,ข้อมูลจาก_PDF
PTW-03,แยกเฉลิมเผ่า ขาเข้า ถ.พระราม1,edge_chalermphao_in,54000,64800,เร่งด่วนเย็น,รถบรรทุก6ล้อ,0.036,ข้อมูลจาก_PDF
PTW-03,แยกเฉลิมเผ่า ขาเข้า ถ.พระราม1,edge_chalermphao_in,54000,64800,เร่งด่วนเย็น,รถบรรทุก10ล้อขึ้นไป,0.011,ข้อมูลจาก_PDF
PTW-03,แยกเฉลิมเผ่า ขาเข้า ถ.พระราม1,edge_chalermphao_in,54000,64800,เร่งด่วนเย็น,รถพ่วง_รถกึ่งพ่วง,0.011,ข้อมูลจาก_PDF
PTW-04,แยกพงษ์พระราม ขาเข้า ถ.พระราม1,edge_rama1_pongphraram_in,25200,32400,เร่งด่วนเช้า,รถจักรยาน,0.035,ข้อมูลจาก_PDF
PTW-04,แยกพงษ์พระราม ขาเข้า ถ.พระราม1,edge_rama1_pongphraram_in,25200,32400,เร่งด่วนเช้า,รถจักรยานยนต์,2.577,ข้อมูลจาก_PDF
PTW-04,แยกพงษ์พระราม ขาเข้า ถ.พระราม1,edge_rama1_pongphraram_in,25200,32400,เร่งด่วนเช้า,รถตุ๊กตุ๊ก_สามล้อ,0.059,ข้อมูลจาก_PDF
PTW-04,แยกพงษ์พระราม ขาเข้า ถ.พระราม1,edge_rama1_pongphraram_in,25200,32400,เร่งด่วนเช้า,รถยนต์นั่งส่วนบุคคล,4.217,ข้อมูลจาก_PDF
PTW-04,แยกพงษ์พระราม ขาเข้า ถ.พระราม1,edge_rama1_pongphraram_in,25200,32400,เร่งด่วนเช้า,รถแท็กซี่,0.937,ข้อมูลจาก_PDF
PTW-04,แยกพงษ์พระราม ขาเข้า ถ.พระราม1,edge_rama1_pongphraram_in,25200,32400,เร่งด่วนเช้า,รถตู้,0.176,ข้อมูลจาก_PDF
PTW-04,แยกพงษ์พระราม ขาเข้า ถ.พระราม1,edge_rama1_pongphraram_in,25200,32400,เร่งด่วนเช้า,รถโดยสารขนาดเล็ก,0.117,ข้อมูลจาก_PDF
PTW-04,แยกพงษ์พระราม ขาเข้า ถ.พระราม1,edge_rama1_pongphraram_in,25200,32400,เร่งด่วนเช้า,รถโดยสารขนาดใหญ่,0.176,ข้อมูลจาก_PDF
PTW-04,แยกพงษ์พระราม ขาเข้า ถ.พระราม1,edge_rama1_pongphraram_in,25200,32400,เร่งด่วนเช้า,รถบรรทุก4ล้อ,0.211,ข้อมูลจาก_PDF
PTW-04,แยกพงษ์พระราม ขาเข้า ถ.พระราม1,edge_rama1_pongphraram_in,25200,32400,เร่งด่วนเช้า,รถบรรทุก6ล้อ,0.059,ข้อมูลจาก_PDF
PTW-04,แยกพงษ์พระราม ขาเข้า ถ.พระราม1,edge_rama1_pongphraram_in,25200,32400,เร่งด่วนเช้า,รถบรรทุก10ล้อขึ้นไป,0.023,ข้อมูลจาก_PDF
PTW-04,แยกพงษ์พระราม ขาเข้า ถ.พระราม1,edge_rama1_pongphraram_in,25200,32400,เร่งด่วนเช้า,รถพ่วง_รถกึ่งพ่วง,0.023,ข้อมูลจาก_PDF
PTW-04,แยกพงษ์พระราม ขาเข้า ถ.พระราม1,edge_rama1_pongphraram_in,32400,54000,นอกเวลาเร่งด่วน,รถจักรยาน,0.006,ข้อมูลจาก_PDF
PTW-04,แยกพงษ์พระราม ขาเข้า ถ.พระราม1,edge_rama1_pongphraram_in,32400,54000,นอกเวลาเร่งด่วน,รถจักรยานยนต์,0.351,ข้อมูลจาก_PDF
PTW-04,แยกพงษ์พระราม ขาเข้า ถ.พระราม1,edge_rama1_pongphraram_in,32400,54000,นอกเวลาเร่งด่วน,รถตุ๊กตุ๊ก_สามล้อ,0.012,ข้อมูลจาก_PDF
PTW-04,แยกพงษ์พระราม ขาเข้า ถ.พระราม1,edge_rama1_pongphraram_in,32400,54000,นอกเวลาเร่งด่วน,รถยนต์นั่งส่วนบุคคล,0.703,ข้อมูลจาก_PDF
PTW-04,แยกพงษ์พระราม ขาเข้า ถ.พระราม1,edge_rama1_pongphraram_in,32400,54000,นอกเวลาเร่งด่วน,รถแท็กซี่,0.234,ข้อมูลจาก_PDF
PTW-04,แยกพงษ์พระราม ขาเข้า ถ.พระราม1,edge_rama1_pongphraram_in,32400,54000,นอกเวลาเร่งด่วน,รถตู้,0.035,ข้อมูลจาก_PDF
PTW-04,แยกพงษ์พระราม ขาเข้า ถ.พระราม1,edge_rama1_pongphraram_in,32400,54000,นอกเวลาเร่งด่วน,รถโดยสารขนาดเล็ก,0.023,ข้อมูลจาก_PDF
PTW-04,แยกพงษ์พระราม ขาเข้า ถ.พระราม1,edge_rama1_pongphraram_in,32400,54000,นอกเวลาเร่งด่วน,รถโดยสารขนาดใหญ่,0.035,ข้อมูลจาก_PDF
PTW-04,แยกพงษ์พระราม ขาเข้า ถ.พระราม1,edge_rama1_pongphraram_in,32400,54000,นอกเวลาเร่งด่วน,รถบรรทุก4ล้อ,0.035,ข้อมูลจาก_PDF
PTW-04,แยกพงษ์พระราม ขาเข้า ถ.พระราม1,edge_rama1_pongphraram_in,32400,54000,นอกเวลาเร่งด่วน,รถบรรทุก6ล้อ,0.012,ข้อมูลจาก_PDF
PTW-04,แยกพงษ์พระราม ขาเข้า ถ.พระราม1,edge_rama1_pongphraram_in,32400,54000,นอกเวลาเร่งด่วน,รถบรรทุก10ล้อขึ้นไป,0.006,ข้อมูลจาก_PDF
PTW-04,แยกพงษ์พระราม ขาเข้า ถ.พระราม1,edge_rama1_pongphraram_in,32400,54000,นอกเวลาเร่งด่วน,รถพ่วง_รถกึ่งพ่วง,0.004,ข้อมูลจาก_PDF
PTW-04,แยกพงษ์พระราม ขาเข้า ถ.พระราม1,edge_rama1_pongphraram_in,54000,64800,เร่งด่วนเย็น,รถจักรยาน,0.023,ข้อมูลจาก_PDF
PTW-04,แยกพงษ์พระราม ขาเข้า ถ.พระราม1,edge_rama1_pongphraram_in,54000,64800,เร่งด่วนเย็น,รถจักรยานยนต์,1.64,ข้อมูลจาก_PDF
PTW-04,แยกพงษ์พระราม ขาเข้า ถ.พระราม1,edge_rama1_pongphraram_in,54000,64800,เร่งด่วนเย็น,รถตุ๊กตุ๊ก_สามล้อ,0.035,ข้อมูลจาก_PDF
PTW-04,แยกพงษ์พระราม ขาเข้า ถ.พระราม1,edge_rama1_pongphraram_in,54000,64800,เร่งด่วนเย็น,รถยนต์นั่งส่วนบุคคล,2.811,ข้อมูลจาก_PDF
PTW-04,แยกพงษ์พระราม ขาเข้า ถ.พระราม1,edge_rama1_pongphraram_in,54000,64800,เร่งด่วนเย็น,รถแท็กซี่,0.703,ข้อมูลจาก_PDF
PTW-04,แยกพงษ์พระราม ขาเข้า ถ.พระราม1,edge_rama1_pongphraram_in,54000,64800,เร่งด่วนเย็น,รถตู้,0.117,ข้อมูลจาก_PDF
PTW-04,แยกพงษ์พระราม ขาเข้า ถ.พระราม1,edge_rama1_pongphraram_in,54000,64800,เร่งด่วนเย็น,รถโดยสารขนาดเล็ก,0.094,ข้อมูลจาก_PDF
PTW-04,แยกพงษ์พระราม ขาเข้า ถ.พระราม1,edge_rama1_pongphraram_in,54000,64800,เร่งด่วนเย็น,รถโดยสารขนาดใหญ่,0.141,ข้อมูลจาก_PDF
PTW-04,แยกพงษ์พระราม ขาเข้า ถ.พระราม1,edge_rama1_pongphraram_in,54000,64800,เร่งด่วนเย็น,รถบรรทุก4ล้อ,0.117,ข้อมูลจาก_PDF
PTW-04,แยกพงษ์พระราม ขาเข้า ถ.พระราม1,edge_rama1_pongphraram_in,54000,64800,เร่งด่วนเย็น,รถบรรทุก6ล้อ,0.035,ข้อมูลจาก_PDF
PTW-04,แยกพงษ์พระราม ขาเข้า ถ.พระราม1,edge_rama1_pongphraram_in,54000,64800,เร่งด่วนเย็น,รถบรรทุก10ล้อขึ้นไป,0.012,ข้อมูลจาก_PDF
PTW-04,แยกพงษ์พระราม ขาเข้า ถ.พระราม1,edge_rama1_pongphraram_in,54000,64800,เร่งด่วนเย็น,รถพ่วง_รถกึ่งพ่วง,0.012,ข้อมูลจาก_PDF
PTW-05,แยกเจริญผล ขาเข้า ถ.บรรทัดทอง,edge_banthatthong_in,25200,32400,เร่งด่วนเช้า,รถจักรยาน,0.023,ข้อมูลจาก_PDF
PTW-05,แยกเจริญผล ขาเข้า ถ.บรรทัดทอง,edge_banthatthong_in,25200,32400,เร่งด่วนเช้า,รถจักรยานยนต์,0.937,ข้อมูลจาก_PDF
PTW-05,แยกเจริญผล ขาเข้า ถ.บรรทัดทอง,edge_banthatthong_in,25200,32400,เร่งด่วนเช้า,รถตุ๊กตุ๊ก_สามล้อ,0.035,ข้อมูลจาก_PDF
PTW-05,แยกเจริญผล ขาเข้า ถ.บรรทัดทอง,edge_banthatthong_in,25200,32400,เร่งด่วนเช้า,รถยนต์นั่งส่วนบุคคล,1.523,ข้อมูลจาก_PDF
PTW-05,แยกเจริญผล ขาเข้า ถ.บรรทัดทอง,edge_banthatthong_in,25200,32400,เร่งด่วนเช้า,รถแท็กซี่,0.351,ข้อมูลจาก_PDF
PTW-05,แยกเจริญผล ขาเข้า ถ.บรรทัดทอง,edge_banthatthong_in,25200,32400,เร่งด่วนเช้า,รถตู้,0.059,ข้อมูลจาก_PDF
PTW-05,แยกเจริญผล ขาเข้า ถ.บรรทัดทอง,edge_banthatthong_in,25200,32400,เร่งด่วนเช้า,รถโดยสารขนาดเล็ก,0.047,ข้อมูลจาก_PDF
PTW-05,แยกเจริญผล ขาเข้า ถ.บรรทัดทอง,edge_banthatthong_in,25200,32400,เร่งด่วนเช้า,รถโดยสารขนาดใหญ่,0.059,ข้อมูลจาก_PDF
PTW-05,แยกเจริญผล ขาเข้า ถ.บรรทัดทอง,edge_banthatthong_in,25200,32400,เร่งด่วนเช้า,รถบรรทุก4ล้อ,0.07,ข้อมูลจาก_PDF
PTW-05,แยกเจริญผล ขาเข้า ถ.บรรทัดทอง,edge_banthatthong_in,25200,32400,เร่งด่วนเช้า,รถบรรทุก6ล้อ,0.018,ข้อมูลจาก_PDF
PTW-05,แยกเจริญผล ขาเข้า ถ.บรรทัดทอง,edge_banthatthong_in,25200,32400,เร่งด่วนเช้า,รถบรรทุก10ล้อขึ้นไป,0.006,ข้อมูลจาก_PDF
PTW-05,แยกเจริญผล ขาเข้า ถ.บรรทัดทอง,edge_banthatthong_in,25200,32400,เร่งด่วนเช้า,รถพ่วง_รถกึ่งพ่วง,0.006,ข้อมูลจาก_PDF
PTW-05,แยกเจริญผล ขาเข้า ถ.บรรทัดทอง,edge_banthatthong_in,32400,54000,นอกเวลาเร่งด่วน,รถจักรยาน,0.006,ข้อมูลจาก_PDF
PTW-05,แยกเจริญผล ขาเข้า ถ.บรรทัดทอง,edge_banthatthong_in,32400,54000,นอกเวลาเร่งด่วน,รถจักรยานยนต์,0.234,ข้อมูลจาก_PDF
PTW-05,แยกเจริญผล ขาเข้า ถ.บรรทัดทอง,edge_banthatthong_in,32400,54000,นอกเวลาเร่งด่วน,รถตุ๊กตุ๊ก_สามล้อ,0.012,ข้อมูลจาก_PDF
PTW-05,แยกเจริญผล ขาเข้า ถ.บรรทัดทอง,edge_banthatthong_in,32400,54000,นอกเวลาเร่งด่วน,รถยนต์นั่งส่วนบุคคล,0.41,ข้อมูลจาก_PDF
PTW-05,แยกเจริญผล ขาเข้า ถ.บรรทัดทอง,edge_banthatthong_in,32400,54000,นอกเวลาเร่งด่วน,รถแท็กซี่,0.176,ข้อมูลจาก_PDF
PTW-05,แยกเจริญผล ขาเข้า ถ.บรรทัดทอง,edge_banthatthong_in,32400,54000,นอกเวลาเร่งด่วน,รถตู้,0.023,ข้อมูลจาก_PDF
PTW-05,แยกเจริญผล ขาเข้า ถ.บรรทัดทอง,edge_banthatthong_in,32400,54000,นอกเวลาเร่งด่วน,รถโดยสารขนาดเล็ก,0.012,ข้อมูลจาก_PDF
PTW-05,แยกเจริญผล ขาเข้า ถ.บรรทัดทอง,edge_banthatthong_in,32400,54000,นอกเวลาเร่งด่วน,รถโดยสารขนาดใหญ่,0.018,ข้อมูลจาก_PDF
PTW-05,แยกเจริญผล ขาเข้า ถ.บรรทัดทอง,edge_banthatthong_in,32400,54000,นอกเวลาเร่งด่วน,รถบรรทุก4ล้อ,0.018,ข้อมูลจาก_PDF
PTW-05,แยกเจริญผล ขาเข้า ถ.บรรทัดทอง,edge_banthatthong_in,32400,54000,นอกเวลาเร่งด่วน,รถบรรทุก6ล้อ,0.006,ข้อมูลจาก_PDF
PTW-05,แยกเจริญผล ขาเข้า ถ.บรรทัดทอง,edge_banthatthong_in,32400,54000,นอกเวลาเร่งด่วน,รถบรรทุก10ล้อขึ้นไป,0.002,ข้อมูลจาก_PDF
PTW-05,แยกเจริญผล ขาเข้า ถ.บรรทัดทอง,edge_banthatthong_in,32400,54000,นอกเวลาเร่งด่วน,รถพ่วง_รถกึ่งพ่วง,0.002,ข้อมูลจาก_PDF
PTW-05,แยกเจริญผล ขาเข้า ถ.บรรทัดทอง,edge_banthatthong_in,54000,64800,เร่งด่วนเย็น,รถจักรยาน,0.018,ข้อมูลจาก_PDF
PTW-05,แยกเจริญผล ขาเข้า ถ.บรรทัดทอง,edge_banthatthong_in,54000,64800,เร่งด่วนเย็น,รถจักรยานยนต์,1.054,ข้อมูลจาก_PDF
PTW-05,แยกเจริญผล ขาเข้า ถ.บรรทัดทอง,edge_banthatthong_in,54000,64800,เร่งด่วนเย็น,รถตุ๊กตุ๊ก_สามล้อ,0.029,ข้อมูลจาก_PDF
PTW-05,แยกเจริญผล ขาเข้า ถ.บรรทัดทอง,edge_banthatthong_in,54000,64800,เร่งด่วนเย็น,รถยนต์นั่งส่วนบุคคล,1.64,ข้อมูลจาก_PDF
PTW-05,แยกเจริญผล ขาเข้า ถ.บรรทัดทอง,edge_banthatthong_in,54000,64800,เร่งด่วนเย็น,รถแท็กซี่,0.41,ข้อมูลจาก_PDF
PTW-05,แยกเจริญผล ขาเข้า ถ.บรรทัดทอง,edge_banthatthong_in,54000,64800,เร่งด่วนเย็น,รถตู้,0.07,ข้อมูลจาก_PDF
PTW-05,แยกเจริญผล ขาเข้า ถ.บรรทัดทอง,edge_banthatthong_in,54000,64800,เร่งด่วนเย็น,รถโดยสารขนาดเล็ก,0.035,ข้อมูลจาก_PDF
PTW-05,แยกเจริญผล ขาเข้า ถ.บรรทัดทอง,edge_banthatthong_in,54000,64800,เร่งด่วนเย็น,รถโดยสารขนาดใหญ่,0.047,ข้อมูลจาก_PDF
PTW-05,แยกเจริญผล ขาเข้า ถ.บรรทัดทอง,edge_banthatthong_in,54000,64800,เร่งด่วนเย็น,รถบรรทุก4ล้อ,0.059,ข้อมูลจาก_PDF
PTW-05,แยกเจริญผล ขาเข้า ถ.บรรทัดทอง,edge_banthatthong_in,54000,64800,เร่งด่วนเย็น,รถบรรทุก6ล้อ,0.023,ข้อมูลจาก_PDF
PTW-05,แยกเจริญผล ขาเข้า ถ.บรรทัดทอง,edge_banthatthong_in,54000,64800,เร่งด่วนเย็น,รถบรรทุก10ล้อขึ้นไป,0.006,ข้อมูลจาก_PDF
PTW-05,แยกเจริญผล ขาเข้า ถ.บรรทัดทอง,edge_banthatthong_in,54000,64800,เร่งด่วนเย็น,รถพ่วง_รถกึ่งพ่วง,0.006,ข้อมูลจาก_PDF
PTW-06,แยกสามย่าน ขาเข้า ถ.พญาไท,edge_samyan_phayathai_in,25200,32400,เร่งด่วนเช้า,รถจักรยาน,0.041,ข้อมูลจาก_PDF
PTW-06,แยกสามย่าน ขาเข้า ถ.พญาไท,edge_samyan_phayathai_in,25200,32400,เร่งด่วนเช้า,รถจักรยานยนต์,2.46,ข้อมูลจาก_PDF
PTW-06,แยกสามย่าน ขาเข้า ถ.พญาไท,edge_samyan_phayathai_in,25200,32400,เร่งด่วนเช้า,รถตุ๊กตุ๊ก_สามล้อ,0.082,ข้อมูลจาก_PDF
PTW-06,แยกสามย่าน ขาเข้า ถ.พญาไท,edge_samyan_phayathai_in,25200,32400,เร่งด่วนเช้า,รถยนต์นั่งส่วนบุคคล,3.69,ข้อมูลจาก_PDF
PTW-06,แยกสามย่าน ขาเข้า ถ.พญาไท,edge_samyan_phayathai_in,25200,32400,เร่งด่วนเช้า,รถแท็กซี่,0.82,ข้อมูลจาก_PDF
PTW-06,แยกสามย่าน ขาเข้า ถ.พญาไท,edge_samyan_phayathai_in,25200,32400,เร่งด่วนเช้า,รถตู้,0.246,ข้อมูลจาก_PDF
PTW-06,แยกสามย่าน ขาเข้า ถ.พญาไท,edge_samyan_phayathai_in,25200,32400,เร่งด่วนเช้า,รถโดยสารขนาดเล็ก,0.164,ข้อมูลจาก_PDF
PTW-06,แยกสามย่าน ขาเข้า ถ.พญาไท,edge_samyan_phayathai_in,25200,32400,เร่งด่วนเช้า,รถโดยสารขนาดใหญ่,0.246,ข้อมูลจาก_PDF
PTW-06,แยกสามย่าน ขาเข้า ถ.พญาไท,edge_samyan_phayathai_in,25200,32400,เร่งด่วนเช้า,รถบรรทุก4ล้อ,0.328,ข้อมูลจาก_PDF
PTW-06,แยกสามย่าน ขาเข้า ถ.พญาไท,edge_samyan_phayathai_in,25200,32400,เร่งด่วนเช้า,รถบรรทุก6ล้อ,0.082,ข้อมูลจาก_PDF
PTW-06,แยกสามย่าน ขาเข้า ถ.พญาไท,edge_samyan_phayathai_in,25200,32400,เร่งด่วนเช้า,รถบรรทุก10ล้อขึ้นไป,0.025,ข้อมูลจาก_PDF
PTW-06,แยกสามย่าน ขาเข้า ถ.พญาไท,edge_samyan_phayathai_in,25200,32400,เร่งด่วนเช้า,รถพ่วง_รถกึ่งพ่วง,0.025,ข้อมูลจาก_PDF
PTW-06,แยกสามย่าน ขาเข้า ถ.พญาไท,edge_samyan_phayathai_in,32400,54000,นอกเวลาเร่งด่วน,รถจักรยาน,0.006,ข้อมูลจาก_PDF
PTW-06,แยกสามย่าน ขาเข้า ถ.พญาไท,edge_samyan_phayathai_in,32400,54000,นอกเวลาเร่งด่วน,รถจักรยานยนต์,0.381,ข้อมูลจาก_PDF
PTW-06,แยกสามย่าน ขาเข้า ถ.พญาไท,edge_samyan_phayathai_in,32400,54000,นอกเวลาเร่งด่วน,รถตุ๊กตุ๊ก_สามล้อ,0.013,ข้อมูลจาก_PDF
PTW-06,แยกสามย่าน ขาเข้า ถ.พญาไท,edge_samyan_phayathai_in,32400,54000,นอกเวลาเร่งด่วน,รถยนต์นั่งส่วนบุคคล,0.57,ข้อมูลจาก_PDF
PTW-06,แยกสามย่าน ขาเข้า ถ.พญาไท,edge_samyan_phayathai_in,32400,54000,นอกเวลาเร่งด่วน,รถแท็กซี่,0.126,ข้อมูลจาก_PDF
PTW-06,แยกสามย่าน ขาเข้า ถ.พญาไท,edge_samyan_phayathai_in,32400,54000,นอกเวลาเร่งด่วน,รถตู้,0.037,ข้อมูลจาก_PDF
PTW-06,แยกสามย่าน ขาเข้า ถ.พญาไท,edge_samyan_phayathai_in,32400,54000,นอกเวลาเร่งด่วน,รถโดยสารขนาดเล็ก,0.026,ข้อมูลจาก_PDF
PTW-06,แยกสามย่าน ขาเข้า ถ.พญาไท,edge_samyan_phayathai_in,32400,54000,นอกเวลาเร่งด่วน,รถโดยสารขนาดใหญ่,0.037,ข้อมูลจาก_PDF
PTW-06,แยกสามย่าน ขาเข้า ถ.พญาไท,edge_samyan_phayathai_in,32400,54000,นอกเวลาเร่งด่วน,รถบรรทุก4ล้อ,0.05,ข้อมูลจาก_PDF
PTW-06,แยกสามย่าน ขาเข้า ถ.พญาไท,edge_samyan_phayathai_in,32400,54000,นอกเวลาเร่งด่วน,รถบรรทุก6ล้อ,0.013,ข้อมูลจาก_PDF
PTW-06,แยกสามย่าน ขาเข้า ถ.พญาไท,edge_samyan_phayathai_in,32400,54000,นอกเวลาเร่งด่วน,รถบรรทุก10ล้อขึ้นไป,0.004,ข้อมูลจาก_PDF
PTW-06,แยกสามย่าน ขาเข้า ถ.พญาไท,edge_samyan_phayathai_in,32400,54000,นอกเวลาเร่งด่วน,รถพ่วง_รถกึ่งพ่วง,0.004,ข้อมูลจาก_PDF
PTW-06,แยกสามย่าน ขาเข้า ถ.พญาไท,edge_samyan_phayathai_in,54000,64800,เร่งด่วนเย็น,รถจักรยาน,0.027,ข้อมูลจาก_PDF
PTW-06,แยกสามย่าน ขาเข้า ถ.พญาไท,edge_samyan_phayathai_in,54000,64800,เร่งด่วนเย็น,รถจักรยานยนต์,1.64,ข้อมูลจาก_PDF
PTW-06,แยกสามย่าน ขาเข้า ถ.พญาไท,edge_samyan_phayathai_in,54000,64800,เร่งด่วนเย็น,รถตุ๊กตุ๊ก_สามล้อ,0.055,ข้อมูลจาก_PDF
PTW-06,แยกสามย่าน ขาเข้า ถ.พญาไท,edge_samyan_phayathai_in,54000,64800,เร่งด่วนเย็น,รถยนต์นั่งส่วนบุคคล,2.46,ข้อมูลจาก_PDF
PTW-06,แยกสามย่าน ขาเข้า ถ.พญาไท,edge_samyan_phayathai_in,54000,64800,เร่งด่วนเย็น,รถแท็กซี่,0.547,ข้อมูลจาก_PDF
PTW-06,แยกสามย่าน ขาเข้า ถ.พญาไท,edge_samyan_phayathai_in,54000,64800,เร่งด่วนเย็น,รถตู้,0.164,ข้อมูลจาก_PDF
PTW-06,แยกสามย่าน ขาเข้า ถ.พญาไท,edge_samyan_phayathai_in,54000,64800,เร่งด่วนเย็น,รถโดยสารขนาดเล็ก,0.109,ข้อมูลจาก_PDF
PTW-06,แยกสามย่าน ขาเข้า ถ.พญาไท,edge_samyan_phayathai_in,54000,64800,เร่งด่วนเย็น,รถโดยสารขนาดใหญ่,0.164,ข้อมูลจาก_PDF
PTW-06,แยกสามย่าน ขาเข้า ถ.พญาไท,edge_samyan_phayathai_in,54000,64800,เร่งด่วนเย็น,รถบรรทุก4ล้อ,0.219,ข้อมูลจาก_PDF
PTW-06,แยกสามย่าน ขาเข้า ถ.พญาไท,edge_samyan_phayathai_in,54000,64800,เร่งด่วนเย็น,รถบรรทุก6ล้อ,0.055,ข้อมูลจาก_PDF
PTW-06,แยกสามย่าน ขาเข้า ถ.พญาไท,edge_samyan_phayathai_in,54000,64800,เร่งด่วนเย็น,รถบรรทุก10ล้อขึ้นไป,0.016,ข้อมูลจาก_PDF
PTW-06,แยกสามย่าน ขาเข้า ถ.พญาไท,edge_samyan_phayathai_in,54000,64800,เร่งด่วนเย็น,รถพ่วง_รถกึ่งพ่วง,0.016,ข้อมูลจาก_PDF
PTW-07,แยกศาลาแดง ขาเข้า ถ.พระราม4,edge_ram4_saladaeng_in,25200,32400,เร่งด่วนเช้า,รถจักรยาน,0.047,ประเมินเพื่อจำลอง_SUMO
PTW-07,แยกศาลาแดง ขาเข้า ถ.พระราม4,edge_ram4_saladaeng_in,25200,32400,เร่งด่วนเช้า,รถจักรยานยนต์,3.198,ประเมินเพื่อจำลอง_SUMO
PTW-07,แยกศาลาแดง ขาเข้า ถ.พระราม4,edge_ram4_saladaeng_in,25200,32400,เร่งด่วนเช้า,รถตุ๊กตุ๊ก_สามล้อ,0.098,ประเมินเพื่อจำลอง_SUMO
PTW-07,แยกศาลาแดง ขาเข้า ถ.พระราม4,edge_ram4_saladaeng_in,25200,32400,เร่งด่วนเช้า,รถยนต์นั่งส่วนบุคคล,4.919,ประเมินเพื่อจำลอง_SUMO
PTW-07,แยกศาลาแดง ขาเข้า ถ.พระราม4,edge_ram4_saladaeng_in,25200,32400,เร่งด่วนเช้า,รถแท็กซี่,1.082,ประเมินเพื่อจำลอง_SUMO
PTW-07,แยกศาลาแดง ขาเข้า ถ.พระราม4,edge_ram4_saladaeng_in,25200,32400,เร่งด่วนเช้า,รถตู้,0.295,ประเมินเพื่อจำลอง_SUMO
PTW-07,แยกศาลาแดง ขาเข้า ถ.พระราม4,edge_ram4_saladaeng_in,25200,32400,เร่งด่วนเช้า,รถโดยสารขนาดเล็ก,0.197,ประเมินเพื่อจำลอง_SUMO
PTW-07,แยกศาลาแดง ขาเข้า ถ.พระราม4,edge_ram4_saladaeng_in,25200,32400,เร่งด่วนเช้า,รถโดยสารขนาดใหญ่,0.295,ประเมินเพื่อจำลอง_SUMO
PTW-07,แยกศาลาแดง ขาเข้า ถ.พระราม4,edge_ram4_saladaeng_in,25200,32400,เร่งด่วนเช้า,รถบรรทุก4ล้อ,0.394,ประเมินเพื่อจำลอง_SUMO
PTW-07,แยกศาลาแดง ขาเข้า ถ.พระราม4,edge_ram4_saladaeng_in,25200,32400,เร่งด่วนเช้า,รถบรรทุก6ล้อ,0.098,ประเมินเพื่อจำลอง_SUMO
PTW-07,แยกศาลาแดง ขาเข้า ถ.พระราม4,edge_ram4_saladaeng_in,25200,32400,เร่งด่วนเช้า,รถบรรทุก10ล้อขึ้นไป,0.029,ประเมินเพื่อจำลอง_SUMO
PTW-07,แยกศาลาแดง ขาเข้า ถ.พระราม4,edge_ram4_saladaeng_in,25200,32400,เร่งด่วนเช้า,รถพ่วง_รถกึ่งพ่วง,0.029,ประเมินเพื่อจำลอง_SUMO
PTW-07,แยกศาลาแดง ขาเข้า ถ.พระราม4,edge_ram4_saladaeng_in,32400,54000,นอกเวลาเร่งด่วน,รถจักรยาน,0.019,ประเมินเพื่อจำลอง_SUMO
PTW-07,แยกศาลาแดง ขาเข้า ถ.พระราม4,edge_ram4_saladaeng_in,32400,54000,นอกเวลาเร่งด่วน,รถจักรยานยนต์,1.279,ประเมินเพื่อจำลอง_SUMO
PTW-07,แยกศาลาแดง ขาเข้า ถ.พระราม4,edge_ram4_saladaeng_in,32400,54000,นอกเวลาเร่งด่วน,รถตุ๊กตุ๊ก_สามล้อ,0.039,ประเมินเพื่อจำลอง_SUMO
PTW-07,แยกศาลาแดง ขาเข้า ถ.พระราม4,edge_ram4_saladaeng_in,32400,54000,นอกเวลาเร่งด่วน,รถยนต์นั่งส่วนบุคคล,1.968,ประเมินเพื่อจำลอง_SUMO
PTW-07,แยกศาลาแดง ขาเข้า ถ.พระราม4,edge_ram4_saladaeng_in,32400,54000,นอกเวลาเร่งด่วน,รถแท็กซี่,0.432,ประเมินเพื่อจำลอง_SUMO
PTW-07,แยกศาลาแดง ขาเข้า ถ.พระราม4,edge_ram4_saladaeng_in,32400,54000,นอกเวลาเร่งด่วน,รถตู้,0.117,ประเมินเพื่อจำลอง_SUMO
PTW-07,แยกศาลาแดง ขาเข้า ถ.พระราม4,edge_ram4_saladaeng_in,32400,54000,นอกเวลาเร่งด่วน,รถโดยสารขนาดเล็ก,0.078,ประเมินเพื่อจำลอง_SUMO
PTW-07,แยกศาลาแดง ขาเข้า ถ.พระราม4,edge_ram4_saladaeng_in,32400,54000,นอกเวลาเร่งด่วน,รถโดยสารขนาดใหญ่,0.117,ประเมินเพื่อจำลอง_SUMO
PTW-07,แยกศาลาแดง ขาเข้า ถ.พระราม4,edge_ram4_saladaeng_in,32400,54000,นอกเวลาเร่งด่วน,รถบรรทุก4ล้อ,0.157,ประเมินเพื่อจำลอง_SUMO
PTW-07,แยกศาลาแดง ขาเข้า ถ.พระราม4,edge_ram4_saladaeng_in,32400,54000,นอกเวลาเร่งด่วน,รถบรรทุก6ล้อ,0.039,ประเมินเพื่อจำลอง_SUMO
PTW-07,แยกศาลาแดง ขาเข้า ถ.พระราม4,edge_ram4_saladaeng_in,32400,54000,นอกเวลาเร่งด่วน,รถบรรทุก10ล้อขึ้นไป,0.012,ประเมินเพื่อจำลอง_SUMO
PTW-07,แยกศาลาแดง ขาเข้า ถ.พระราม4,edge_ram4_saladaeng_in,32400,54000,นอกเวลาเร่งด่วน,รถพ่วง_รถกึ่งพ่วง,0.012,ประเมินเพื่อจำลอง_SUMO
PTW-07,แยกศาลาแดง ขาเข้า ถ.พระราม4,edge_ram4_saladaeng_in,54000,64800,เร่งด่วนเย็น,รถจักรยาน,0.037,ประเมินเพื่อจำลอง_SUMO
PTW-07,แยกศาลาแดง ขาเข้า ถ.พระราม4,edge_ram4_saladaeng_in,54000,64800,เร่งด่วนเย็น,รถจักรยานยนต์,2.558,ประเมินเพื่อจำลอง_SUMO
PTW-07,แยกศาลาแดง ขาเข้า ถ.พระราม4,edge_ram4_saladaeng_in,54000,64800,เร่งด่วนเย็น,รถตุ๊กตุ๊ก_สามล้อ,0.793,ประเมินเพื่อจำลอง_SUMO
PTW-07,แยกศาลาแดง ขาเข้า ถ.พระราม4,edge_ram4_saladaeng_in,54000,64800,เร่งด่วนเย็น,รถยนต์นั่งส่วนบุคคล,3.936,ประเมินเพื่อจำลอง_SUMO
PTW-07,แยกศาลาแดง ขาเข้า ถ.พระราม4,edge_ram4_saladaeng_in,54000,64800,เร่งด่วนเย็น,รถแท็กซี่,0.866,ประเมินเพื่อจำลอง_SUMO
PTW-07,แยกศาลาแดง ขาเข้า ถ.พระราม4,edge_ram4_saladaeng_in,54000,64800,เร่งด่วนเย็น,รถตู้,0.235,ประเมินเพื่อจำลอง_SUMO
PTW-07,แยกศาลาแดง ขาเข้า ถ.พระราม4,edge_ram4_saladaeng_in,54000,64800,เร่งด่วนเย็น,รถโดยสารขนาดเล็ก,0.157,ประเมินเพื่อจำลอง_SUMO
PTW-07,แยกศาลาแดง ขาเข้า ถ.พระราม4,edge_ram4_saladaeng_in,54000,64800,เร่งด่วนเย็น,รถโดยสารขนาดใหญ่,0.235,ประเมินเพื่อจำลอง_SUMO
PTW-07,แยกศาลาแดง ขาเข้า ถ.พระราม4,edge_ram4_saladaeng_in,54000,64800,เร่งด่วนเย็น,รถบรรทุก4ล้อ,0.314,ประเมินเพื่อจำลอง_SUMO
PTW-07,แยกศาลาแดง ขาเข้า ถ.พระราม4,edge_ram4_saladaeng_in,54000,64800,เร่งด่วนเย็น,รถบรรทุก6ล้อ,0.078,ประเมินเพื่อจำลอง_SUMO
PTW-07,แยกศาลาแดง ขาเข้า ถ.พระราม4,edge_ram4_saladaeng_in,54000,64800,เร่งด่วนเย็น,รถบรรทุก10ล้อขึ้นไป,0.023,ประเมินเพื่อจำลอง_SUMO
PTW-07,แยกศาลาแดง ขาเข้า ถ.พระราม4,edge_ram4_saladaeng_in,54000,64800,เร่งด่วนเย็น,รถพ่วง_รถกึ่งพ่วง,0.023,ประเมินเพื่อจำลอง_SUMO
PTW-08,แยกวิทยุ ขาเข้า ถ.พระราม4,edge_ram4_witthayu_in,25200,32400,เร่งด่วนเช้า,รถจักรยาน,0.045,ประเมินเพื่อจำลอง_SUMO
PTW-08,แยกวิทยุ ขาเข้า ถ.พระราม4,edge_ram4_witthayu_in,25200,32400,เร่งด่วนเช้า,รถจักรยานยนต์,2.893,ประเมินเพื่อจำลอง_SUMO
PTW-08,แยกวิทยุ ขาเข้า ถ.พระราม4,edge_ram4_witthayu_in,25200,32400,เร่งด่วนเช้า,รถตุ๊กตุ๊ก_สามล้อ,0.089,ประเมินเพื่อจำลอง_SUMO
PTW-08,แยกวิทยุ ขาเข้า ถ.พระราม4,edge_ram4_witthayu_in,25200,32400,เร่งด่วนเช้า,รถยนต์นั่งส่วนบุคคล,4.451,ประเมินเพื่อจำลอง_SUMO
PTW-08,แยกวิทยุ ขาเข้า ถ.พระราม4,edge_ram4_witthayu_in,25200,32400,เร่งด่วนเช้า,รถแท็กซี่,0.979,ประเมินเพื่อจำลอง_SUMO
PTW-08,แยกวิทยุ ขาเข้า ถ.พระราม4,edge_ram4_witthayu_in,25200,32400,เร่งด่วนเช้า,รถตู้,0.267,ประเมินเพื่อจำลอง_SUMO
PTW-08,แยกวิทยุ ขาเข้า ถ.พระราม4,edge_ram4_witthayu_in,25200,32400,เร่งด่วนเช้า,รถโดยสารขนาดเล็ก,0.178,ประเมินเพื่อจำลอง_SUMO
PTW-08,แยกวิทยุ ขาเข้า ถ.พระราม4,edge_ram4_witthayu_in,25200,32400,เร่งด่วนเช้า,รถโดยสารขนาดใหญ่,0.267,ประเมินเพื่อจำลอง_SUMO
PTW-08,แยกวิทยุ ขาเข้า ถ.พระราม4,edge_ram4_witthayu_in,25200,32400,เร่งด่วนเช้า,รถบรรทุก4ล้อ,0.356,ประเมินเพื่อจำลอง_SUMO
PTW-08,แยกวิทยุ ขาเข้า ถ.พระราม4,edge_ram4_witthayu_in,25200,32400,เร่งด่วนเช้า,รถบรรทุก6ล้อ,0.089,ประเมินเพื่อจำลอง_SUMO
PTW-08,แยกวิทยุ ขาเข้า ถ.พระราม4,edge_ram4_witthayu_in,25200,32400,เร่งด่วนเช้า,รถบรรทุก10ล้อขึ้นไป,0.026,ประเมินเพื่อจำลอง_SUMO
PTW-08,แยกวิทยุ ขาเข้า ถ.พระราม4,edge_ram4_witthayu_in,25200,32400,เร่งด่วนเช้า,รถพ่วง_รถกึ่งพ่วง,0.026,ประเมินเพื่อจำลอง_SUMO
PTW-08,แยกวิทยุ ขาเข้า ถ.พระราม4,edge_ram4_witthayu_in,32400,54000,นอกเวลาเร่งด่วน,รถจักรยาน,0.018,ประเมินเพื่อจำลอง_SUMO
PTW-08,แยกวิทยุ ขาเข้า ถ.พระราม4,edge_ram4_witthayu_in,32400,54000,นอกเวลาเร่งด่วน,รถจักรยานยนต์,1.157,ประเมินเพื่อจำลอง_SUMO
PTW-08,แยกวิทยุ ขาเข้า ถ.พระราม4,edge_ram4_witthayu_in,32400,54000,นอกเวลาเร่งด่วน,รถตุ๊กตุ๊ก_สามล้อ,0.035,ประเมินเพื่อจำลอง_SUMO
PTW-08,แยกวิทยุ ขาเข้า ถ.พระราม4,edge_ram4_witthayu_in,32400,54000,นอกเวลาเร่งด่วน,รถยนต์นั่งส่วนบุคคล,1.78,ประเมินเพื่อจำลอง_SUMO
PTW-08,แยกวิทยุ ขาเข้า ถ.พระราม4,edge_ram4_witthayu_in,32400,54000,นอกเวลาเร่งด่วน,รถแท็กซี่,0.391,ประเมินเพื่อจำลอง_SUMO
PTW-08,แยกวิทยุ ขาเข้า ถ.พระราม4,edge_ram4_witthayu_in,32400,54000,นอกเวลาเร่งด่วน,รถตู้,0.107,ประเมินเพื่อจำลอง_SUMO
PTW-08,แยกวิทยุ ขาเข้า ถ.พระราม4,edge_ram4_witthayu_in,32400,54000,นอกเวลาเร่งด่วน,รถโดยสารขนาดเล็ก,0.07,ประเมินเพื่อจำลอง_SUMO
PTW-08,แยกวิทยุ ขาเข้า ถ.พระราม4,edge_ram4_witthayu_in,32400,54000,นอกเวลาเร่งด่วน,รถโดยสารขนาดใหญ่,0.107,ประเมินเพื่อจำลอง_SUMO
PTW-08,แยกวิทยุ ขาเข้า ถ.พระราม4,edge_ram4_witthayu_in,32400,54000,นอกเวลาเร่งด่วน,รถบรรทุก4ล้อ,0.142,ประเมินเพื่อจำลอง_SUMO
PTW-08,แยกวิทยุ ขาเข้า ถ.พระราม4,edge_ram4_witthayu_in,32400,54000,นอกเวลาเร่งด่วน,รถบรรทุก6ล้อ,0.035,ประเมินเพื่อจำลอง_SUMO
PTW-08,แยกวิทยุ ขาเข้า ถ.พระราม4,edge_ram4_witthayu_in,32400,54000,นอกเวลาเร่งด่วน,รถบรรทุก10ล้อขึ้นไป,0.009,ประเมินเพื่อจำลอง_SUMO
PTW-08,แยกวิทยุ ขาเข้า ถ.พระราม4,edge_ram4_witthayu_in,32400,54000,นอกเวลาเร่งด่วน,รถพ่วง_รถกึ่งพ่วง,0.009,ประเมินเพื่อจำลอง_SUMO
PTW-08,แยกวิทยุ ขาเข้า ถ.พระราม4,edge_ram4_witthayu_in,54000,64800,เร่งด่วนเย็น,รถจักรยาน,0.035,ประเมินเพื่อจำลอง_SUMO
PTW-08,แยกวิทยุ ขาเข้า ถ.พระราม4,edge_ram4_witthayu_in,54000,64800,เร่งด่วนเย็น,รถจักรยานยนต์,2.314,ประเมินเพื่อจำลอง_SUMO
PTW-08,แยกวิทยุ ขาเข้า ถ.พระราม4,edge_ram4_witthayu_in,54000,64800,เร่งด่วนเย็น,รถตุ๊กตุ๊ก_สามล้อ,0.07,ประเมินเพื่อจำลอง_SUMO
PTW-08,แยกวิทยุ ขาเข้า ถ.พระราม4,edge_ram4_witthayu_in,54000,64800,เร่งด่วนเย็น,รถยนต์นั่งส่วนบุคคล,3.561,ประเมินเพื่อจำลอง_SUMO
PTW-08,แยกวิทยุ ขาเข้า ถ.พระราม4,edge_ram4_witthayu_in,54000,64800,เร่งด่วนเย็น,รถแท็กซี่,0.782,ประเมินเพื่อจำลอง_SUMO
PTW-08,แยกวิทยุ ขาเข้า ถ.พระราม4,edge_ram4_witthayu_in,54000,64800,เร่งด่วนเย็น,รถตู้,0.213,ประเมินเพื่อจำลอง_SUMO
PTW-08,แยกวิทยุ ขาเข้า ถ.พระราม4,edge_ram4_witthayu_in,54000,64800,เร่งด่วนเย็น,รถโดยสารขนาดเล็ก,0.142,ประเมินเพื่อจำลอง_SUMO
PTW-08,แยกวิทยุ ขาเข้า ถ.พระราม4,edge_ram4_witthayu_in,54000,64800,เร่งด่วนเย็น,รถโดยสารขนาดใหญ่,0.213,ประเมินเพื่อจำลอง_SUMO
PTW-08,แยกวิทยุ ขาเข้า ถ.พระราม4,edge_ram4_witthayu_in,54000,64800,เร่งด่วนเย็น,รถบรรทุก4ล้อ,0.285,ประเมินเพื่อจำลอง_SUMO
PTW-08,แยกวิทยุ ขาเข้า ถ.พระราม4,edge_ram4_witthayu_in,54000,64800,เร่งด่วนเย็น,รถบรรทุก6ล้อ,0.07,ประเมินเพื่อจำลอง_SUMO
PTW-08,แยกวิทยุ ขาเข้า ถ.พระราม4,edge_ram4_witthayu_in,54000,64800,เร่งด่วนเย็น,รถบรรทุก10ล้อขึ้นไป,0.02,ประเมินเพื่อจำลอง_SUMO
PTW-08,แยกวิทยุ ขาเข้า ถ.พระราม4,edge_ram4_witthayu_in,54000,64800,เร่งด่วนเย็น,รถพ่วง_รถกึ่งพ่วง,0.02,ประเมินเพื่อจำลอง_SUMO
PTW-09,แยกเพลินจิต ขาเข้า ถ.เพลินจิต,edge_phloenchit_in,25200,32400,เร่งด่วนเช้า,รถจักรยาน,0.034,ประเมินเพื่อจำลอง_SUMO
PTW-09,แยกเพลินจิต ขาเข้า ถ.เพลินจิต,edge_phloenchit_in,25200,32400,เร่งด่วนเช้า,รถจักรยานยนต์,2.208,ประเมินเพื่อจำลอง_SUMO
PTW-09,แยกเพลินจิต ขาเข้า ถ.เพลินจิต,edge_phloenchit_in,25200,32400,เร่งด่วนเช้า,รถตุ๊กตุ๊ก_สามล้อ,0.068,ประเมินเพื่อจำลอง_SUMO
PTW-09,แยกเพลินจิต ขาเข้า ถ.เพลินจิต,edge_phloenchit_in,25200,32400,เร่งด่วนเช้า,รถยนต์นั่งส่วนบุคคล,3.397,ประเมินเพื่อจำลอง_SUMO
PTW-09,แยกเพลินจิต ขาเข้า ถ.เพลินจิต,edge_phloenchit_in,25200,32400,เร่งด่วนเช้า,รถแท็กซี่,0.747,ประเมินเพื่อจำลอง_SUMO
PTW-09,แยกเพลินจิต ขาเข้า ถ.เพลินจิต,edge_phloenchit_in,25200,32400,เร่งด่วนเช้า,รถตู้,0.204,ประเมินเพื่อจำลอง_SUMO
PTW-09,แยกเพลินจิต ขาเข้า ถ.เพลินจิต,edge_phloenchit_in,25200,32400,เร่งด่วนเช้า,รถโดยสารขนาดเล็ก,0.136,ประเมินเพื่อจำลอง_SUMO
PTW-09,แยกเพลินจิต ขาเข้า ถ.เพลินจิต,edge_phloenchit_in,25200,32400,เร่งด่วนเช้า,รถโดยสารขนาดใหญ่,0.204,ประเมินเพื่อจำลอง_SUMO
PTW-09,แยกเพลินจิต ขาเข้า ถ.เพลินจิต,edge_phloenchit_in,25200,32400,เร่งด่วนเช้า,รถบรรทุก4ล้อ,0.272,ประเมินเพื่อจำลอง_SUMO
PTW-09,แยกเพลินจิต ขาเข้า ถ.เพลินจิต,edge_phloenchit_in,25200,32400,เร่งด่วนเช้า,รถบรรทุก6ล้อ,0.068,ประเมินเพื่อจำลอง_SUMO
PTW-09,แยกเพลินจิต ขาเข้า ถ.เพลินจิต,edge_phloenchit_in,25200,32400,เร่งด่วนเช้า,รถบรรทุก10ล้อขึ้นไป,0.02,ประเมินเพื่อจำลอง_SUMO
PTW-09,แยกเพลินจิต ขาเข้า ถ.เพลินจิต,edge_phloenchit_in,25200,32400,เร่งด่วนเช้า,รถพ่วง_รถกึ่งพ่วง,0.02,ประเมินเพื่อจำลอง_SUMO
PTW-09,แยกเพลินจิต ขาเข้า ถ.เพลินจิต,edge_phloenchit_in,32400,54000,นอกเวลาเร่งด่วน,รถจักรยาน,0.013,ประเมินเพื่อจำลอง_SUMO
PTW-09,แยกเพลินจิต ขาเข้า ถ.เพลินจิต,edge_phloenchit_in,32400,54000,นอกเวลาเร่งด่วน,รถจักรยานยนต์,0.883,ประเมินเพื่อจำลอง_SUMO
PTW-09,แยกเพลินจิต ขาเข้า ถ.เพลินจิต,edge_phloenchit_in,32400,54000,นอกเวลาเร่งด่วน,รถตุ๊กตุ๊ก_สามล้อ,0.027,ประเมินเพื่อจำลอง_SUMO
PTW-09,แยกเพลินจิต ขาเข้า ถ.เพลินจิต,edge_phloenchit_in,32400,54000,นอกเวลาเร่งด่วน,รถยนต์นั่งส่วนบุคคล,1.359,ประเมินเพื่อจำลอง_SUMO
PTW-09,แยกเพลินจิต ขาเข้า ถ.เพลินจิต,edge_phloenchit_in,32400,54000,นอกเวลาเร่งด่วน,รถแท็กซี่,0.299,ประเมินเพื่อจำลอง_SUMO
PTW-09,แยกเพลินจิต ขาเข้า ถ.เพลินจิต,edge_phloenchit_in,32400,54000,นอกเวลาเร่งด่วน,รถตู้,0.081,ประเมินเพื่อจำลอง_SUMO
PTW-09,แยกเพลินจิต ขาเข้า ถ.เพลินจิต,edge_phloenchit_in,32400,54000,นอกเวลาเร่งด่วน,รถโดยสารขนาดเล็ก,0.054,ประเมินเพื่อจำลอง_SUMO
PTW-09,แยกเพลินจิต ขาเข้า ถ.เพลินจิต,edge_phloenchit_in,32400,54000,นอกเวลาเร่งด่วน,รถโดยสารขนาดใหญ่,0.081,ประเมินเพื่อจำลอง_SUMO
PTW-09,แยกเพลินจิต ขาเข้า ถ.เพลินจิต,edge_phloenchit_in,32400,54000,นอกเวลาเร่งด่วน,รถบรรทุก4ล้อ,0.108,ประเมินเพื่อจำลอง_SUMO
PTW-09,แยกเพลินจิต ขาเข้า ถ.เพลินจิต,edge_phloenchit_in,32400,54000,นอกเวลาเร่งด่วน,รถบรรทุก6ล้อ,0.027,ประเมินเพื่อจำลอง_SUMO
PTW-09,แยกเพลินจิต ขาเข้า ถ.เพลินจิต,edge_phloenchit_in,32400,54000,นอกเวลาเร่งด่วน,รถบรรทุก10ล้อขึ้นไป,0.007,ประเมินเพื่อจำลอง_SUMO
PTW-09,แยกเพลินจิต ขาเข้า ถ.เพลินจิต,edge_phloenchit_in,32400,54000,นอกเวลาเร่งด่วน,รถพ่วง_รถกึ่งพ่วง,0.007,ประเมินเพื่อจำลอง_SUMO
PTW-09,แยกเพลินจิต ขาเข้า ถ.เพลินจิต,edge_phloenchit_in,54000,64800,เร่งด่วนเย็น,รถจักรยาน,0.027,ประเมินเพื่อจำลอง_SUMO
PTW-09,แยกเพลินจิต ขาเข้า ถ.เพลินจิต,edge_phloenchit_in,54000,64800,เร่งด่วนเย็น,รถจักรยานยนต์,1.766,ประเมินเพื่อจำลอง_SUMO
PTW-09,แยกเพลินจิต ขาเข้า ถ.เพลินจิต,edge_phloenchit_in,54000,64800,เร่งด่วนเย็น,รถตุ๊กตุ๊ก_สามล้อ,0.054,ประเมินเพื่อจำลอง_SUMO
PTW-09,แยกเพลินจิต ขาเข้า ถ.เพลินจิต,edge_phloenchit_in,54000,64800,เร่งด่วนเย็น,รถยนต์นั่งส่วนบุคคล,2.717,ประเมินเพื่อจำลอง_SUMO
PTW-09,แยกเพลินจิต ขาเข้า ถ.เพลินจิต,edge_phloenchit_in,54000,64800,เร่งด่วนเย็น,รถแท็กซี่,0.597,ประเมินเพื่อจำลอง_SUMO
PTW-09,แยกเพลินจิต ขาเข้า ถ.เพลินจิต,edge_phloenchit_in,54000,64800,เร่งด่วนเย็น,รถตู้,0.163,ประเมินเพื่อจำลอง_SUMO
PTW-09,แยกเพลินจิต ขาเข้า ถ.เพลินจิต,edge_phloenchit_in,54000,64800,เร่งด่วนเย็น,รถโดยสารขนาดเล็ก,0.108,ประเมินเพื่อจำลอง_SUMO
PTW-09,แยกเพลินจิต ขาเข้า ถ.เพลินจิต,edge_phloenchit_in,54000,64800,เร่งด่วนเย็น,รถโดยสารขนาดใหญ่,0.163,ประเมินเพื่อจำลอง_SUMO
PTW-09,แยกเพลินจิต ขาเข้า ถ.เพลินจิต,edge_phloenchit_in,54000,64800,เร่งด่วนเย็น,รถบรรทุก4ล้อ,0.217,ประเมินเพื่อจำลอง_SUMO
PTW-09,แยกเพลินจิต ขาเข้า ถ.เพลินจิต,edge_phloenchit_in,54000,64800,เร่งด่วนเย็น,รถบรรทุก6ล้อ,0.054,ประเมินเพื่อจำลอง_SUMO
PTW-09,แยกเพลินจิต ขาเข้า ถ.เพลินจิต,edge_phloenchit_in,54000,64800,เร่งด่วนเย็น,รถบรรทุก10ล้อขึ้นไป,0.015,ประเมินเพื่อจำลอง_SUMO
PTW-09,แยกเพลินจิต ขาเข้า ถ.เพลินจิต,edge_phloenchit_in,54000,64800,เร่งด่วนเย็น,รถพ่วง_รถกึ่งพ่วง,0.015,ประเมินเพื่อจำลอง_SUMO
PTW-10,แยกชิดลม ขาเข้า ถ.เพลินจิต,edge_chitlom_in,25200,32400,เร่งด่วนเช้า,รถจักรยาน,0.028,ประเมินเพื่อจำลอง_SUMO
PTW-10,แยกชิดลม ขาเข้า ถ.เพลินจิต,edge_chitlom_in,25200,32400,เร่งด่วนเช้า,รถจักรยานยนต์,1.827,ประเมินเพื่อจำลอง_SUMO
PTW-10,แยกชิดลม ขาเข้า ถ.เพลินจิต,edge_chitlom_in,25200,32400,เร่งด่วนเช้า,รถตุ๊กตุ๊ก_สามล้อ,0.056,ประเมินเพื่อจำลอง_SUMO
PTW-10,แยกชิดลม ขาเข้า ถ.เพลินจิต,edge_chitlom_in,25200,32400,เร่งด่วนเช้า,รถยนต์นั่งส่วนบุคคล,2.811,ประเมินเพื่อจำลอง_SUMO
PTW-10,แยกชิดลม ขาเข้า ถ.เพลินจิต,edge_chitlom_in,25200,32400,เร่งด่วนเช้า,รถแท็กซี่,0.618,ประเมินเพื่อจำลอง_SUMO
PTW-10,แยกชิดลม ขาเข้า ถ.เพลินจิต,edge_chitlom_in,25200,32400,เร่งด่วนเช้า,รถตู้,0.169,ประเมินเพื่อจำลอง_SUMO
PTW-10,แยกชิดลม ขาเข้า ถ.เพลินจิต,edge_chitlom_in,25200,32400,เร่งด่วนเช้า,รถโดยสารขนาดเล็ก,0.112,ประเมินเพื่อจำลอง_SUMO
PTW-10,แยกชิดลม ขาเข้า ถ.เพลินจิต,edge_chitlom_in,25200,32400,เร่งด่วนเช้า,รถโดยสารขนาดใหญ่,0.169,ประเมินเพื่อจำลอง_SUMO
PTW-10,แยกชิดลม ขาเข้า ถ.เพลินจิต,edge_chitlom_in,25200,32400,เร่งด่วนเช้า,รถบรรทุก4ล้อ,0.225,ประเมินเพื่อจำลอง_SUMO
PTW-10,แยกชิดลม ขาเข้า ถ.เพลินจิต,edge_chitlom_in,25200,32400,เร่งด่วนเช้า,รถบรรทุก6ล้อ,0.056,ประเมินเพื่อจำลอง_SUMO
PTW-10,แยกชิดลม ขาเข้า ถ.เพลินจิต,edge_chitlom_in,25200,32400,เร่งด่วนเช้า,รถบรรทุก10ล้อขึ้นไป,0.016,ประเมินเพื่อจำลอง_SUMO
PTW-10,แยกชิดลม ขาเข้า ถ.เพลินจิต,edge_chitlom_in,25200,32400,เร่งด่วนเช้า,รถพ่วง_รถกึ่งพ่วง,0.016,ประเมินเพื่อจำลอง_SUMO
PTW-10,แยกชิดลม ขาเข้า ถ.เพลินจิต,edge_chitlom_in,32400,54000,นอกเวลาเร่งด่วน,รถจักรยาน,0.011,ประเมินเพื่อจำลอง_SUMO
PTW-10,แยกชิดลม ขาเข้า ถ.เพลินจิต,edge_chitlom_in,32400,54000,นอกเวลาเร่งด่วน,รถจักรยานยนต์,0.731,ประเมินเพื่อจำลอง_SUMO
PTW-10,แยกชิดลม ขาเข้า ถ.เพลินจิต,edge_chitlom_in,32400,54000,นอกเวลาเร่งด่วน,รถตุ๊กตุ๊ก_สามล้อ,0.022,ประเมินเพื่อจำลอง_SUMO
PTW-10,แยกชิดลม ขาเข้า ถ.เพลินจิต,edge_chitlom_in,32400,54000,นอกเวลาเร่งด่วน,รถยนต์นั่งส่วนบุคคล,1.124,ประเมินเพื่อจำลอง_SUMO
PTW-10,แยกชิดลม ขาเข้า ถ.เพลินจิต,edge_chitlom_in,32400,54000,นอกเวลาเร่งด่วน,รถแท็กซี่,0.247,ประเมินเพื่อจำลอง_SUMO
PTW-10,แยกชิดลม ขาเข้า ถ.เพลินจิต,edge_chitlom_in,32400,54000,นอกเวลาเร่งด่วน,รถตู้,0.067,ประเมินเพื่อจำลอง_SUMO
PTW-10,แยกชิดลม ขาเข้า ถ.เพลินจิต,edge_chitlom_in,32400,54000,นอกเวลาเร่งด่วน,รถโดยสารขนาดเล็ก,0.045,ประเมินเพื่อจำลอง_SUMO
PTW-10,แยกชิดลม ขาเข้า ถ.เพลินจิต,edge_chitlom_in,32400,54000,นอกเวลาเร่งด่วน,รถโดยสารขนาดใหญ่,0.067,ประเมินเพื่อจำลอง_SUMO
PTW-10,แยกชิดลม ขาเข้า ถ.เพลินจิต,edge_chitlom_in,32400,54000,นอกเวลาเร่งด่วน,รถบรรทุก4ล้อ,0.089,ประเมินเพื่อจำลอง_SUMO
PTW-10,แยกชิดลม ขาเข้า ถ.เพลินจิต,edge_chitlom_in,32400,54000,นอกเวลาเร่งด่วน,รถบรรทุก6ล้อ,0.022,ประเมินเพื่อจำลอง_SUMO
PTW-10,แยกชิดลม ขาเข้า ถ.เพลินจิต,edge_chitlom_in,32400,54000,นอกเวลาเร่งด่วน,รถบรรทุก10ล้อขึ้นไป,0.006,ประเมินเพื่อจำลอง_SUMO
PTW-10,แยกชิดลม ขาเข้า ถ.เพลินจิต,edge_chitlom_in,32400,54000,นอกเวลาเร่งด่วน,รถพ่วง_รถกึ่งพ่วง,0.006,ประเมินเพื่อจำลอง_SUMO
PTW-10,แยกชิดลม ขาเข้า ถ.เพลินจิต,edge_chitlom_in,54000,64800,เร่งด่วนเย็น,รถจักรยาน,0.022,ประเมินเพื่อจำลอง_SUMO
PTW-10,แยกชิดลม ขาเข้า ถ.เพลินจิต,edge_chitlom_in,54000,64800,เร่งด่วนเย็น,รถจักรยานยนต์,1.462,ประเมินเพื่อจำลอง_SUMO
PTW-10,แยกชิดลม ขาเข้า ถ.เพลินจิต,edge_chitlom_in,54000,64800,เร่งด่วนเย็น,รถตุ๊กตุ๊ก_สามล้อ,0.045,ประเมินเพื่อจำลอง_SUMO
PTW-10,แยกชิดลม ขาเข้า ถ.เพลินจิต,edge_chitlom_in,54000,64800,เร่งด่วนเย็น,รถยนต์นั่งส่วนบุคคล,2.249,ประเมินเพื่อจำลอง_SUMO
PTW-10,แยกชิดลม ขาเข้า ถ.เพลินจิต,edge_chitlom_in,54000,64800,เร่งด่วนเย็น,รถแท็กซี่,0.494,ประเมินเพื่อจำลอง_SUMO
PTW-10,แยกชิดลม ขาเข้า ถ.เพลินจิต,edge_chitlom_in,54000,64800,เร่งด่วนเย็น,รถตู้,0.135,ประเมินเพื่อจำลอง_SUMO
PTW-10,แยกชิดลม ขาเข้า ถ.เพลินจิต,edge_chitlom_in,54000,64800,เร่งด่วนเย็น,รถโดยสารขนาดเล็ก,0.089,ประเมินเพื่อจำลอง_SUMO
PTW-10,แยกชิดลม ขาเข้า ถ.เพลินจิต,edge_chitlom_in,54000,64800,เร่งด่วนเย็น,รถโดยสารขนาดใหญ่,0.135,ประเมินเพื่อจำลอง_SUMO
PTW-10,แยกชิดลม ขาเข้า ถ.เพลินจิต,edge_chitlom_in,54000,64800,เร่งด่วนเย็น,รถบรรทุก4ล้อ,0.179,ประเมินเพื่อจำลอง_SUMO
PTW-10,แยกชิดลม ขาเข้า ถ.เพลินจิต,edge_chitlom_in,54000,64800,เร่งด่วนเย็น,รถบรรทุก6ล้อ,0.045,ประเมินเพื่อจำลอง_SUMO
PTW-10,แยกชิดลม ขาเข้า ถ.เพลินจิต,edge_chitlom_in,54000,64800,เร่งด่วนเย็น,รถบรรทุก10ล้อขึ้นไป,0.013,ประเมินเพื่อจำลอง_SUMO
PTW-10,แยกชิดลม ขาเข้า ถ.เพลินจิต,edge_chitlom_in,54000,64800,เร่งด่วนเย็น,รถพ่วง_รถกึ่งพ่วง,0.013,ประเมินเพื่อจำลอง_SUMO
PTW-11,แยกสารสิน ขาเข้า ถ.ราชดำริ,edge_sarasin_ratchadamri_in,25200,32400,เร่งด่วนเช้า,รถจักรยาน,0.014,ประเมินเพื่อจำลอง_SUMO
PTW-11,แยกสารสิน ขาเข้า ถ.ราชดำริ,edge_sarasin_ratchadamri_in,25200,32400,เร่งด่วนเช้า,รถจักรยานยนต์,0.914,ประเมินเพื่อจำลอง_SUMO
PTW-11,แยกสารสิน ขาเข้า ถ.ราชดำริ,edge_sarasin_ratchadamri_in,25200,32400,เร่งด่วนเช้า,รถตุ๊กตุ๊ก_สามล้อ,0.028,ประเมินเพื่อจำลอง_SUMO
PTW-11,แยกสารสิน ขาเข้า ถ.ราชดำริ,edge_sarasin_ratchadamri_in,25200,32400,เร่งด่วนเช้า,รถยนต์นั่งส่วนบุคคล,1.406,ประเมินเพื่อจำลอง_SUMO
PTW-11,แยกสารสิน ขาเข้า ถ.ราชดำริ,edge_sarasin_ratchadamri_in,25200,32400,เร่งด่วนเช้า,รถแท็กซี่,0.309,ประเมินเพื่อจำลอง_SUMO
PTW-11,แยกสารสิน ขาเข้า ถ.ราชดำริ,edge_sarasin_ratchadamri_in,25200,32400,เร่งด่วนเช้า,รถตู้,0.084,ประเมินเพื่อจำลอง_SUMO
PTW-11,แยกสารสิน ขาเข้า ถ.ราชดำริ,edge_sarasin_ratchadamri_in,25200,32400,เร่งด่วนเช้า,รถโดยสารขนาดเล็ก,0.056,ประเมินเพื่อจำลอง_SUMO
PTW-11,แยกสารสิน ขาเข้า ถ.ราชดำริ,edge_sarasin_ratchadamri_in,25200,32400,เร่งด่วนเช้า,รถโดยสารขนาดใหญ่,0.084,ประเมินเพื่อจำลอง_SUMO
PTW-11,แยกสารสิน ขาเข้า ถ.ราชดำริ,edge_sarasin_ratchadamri_in,25200,32400,เร่งด่วนเช้า,รถบรรทุก4ล้อ,0.112,ประเมินเพื่อจำลอง_SUMO
PTW-11,แยกสารสิน ขาเข้า ถ.ราชดำริ,edge_sarasin_ratchadamri_in,25200,32400,เร่งด่วนเช้า,รถบรรทุก6ล้อ,0.028,ประเมินเพื่อจำลอง_SUMO
PTW-11,แยกสารสิน ขาเข้า ถ.ราชดำริ,edge_sarasin_ratchadamri_in,25200,32400,เร่งด่วนเช้า,รถบรรทุก10ล้อขึ้นไป,0.008,ประเมินเพื่อจำลอง_SUMO
PTW-11,แยกสารสิน ขาเข้า ถ.ราชดำริ,edge_sarasin_ratchadamri_in,25200,32400,เร่งด่วนเช้า,รถพ่วง_รถกึ่งพ่วง,0.008,ประเมินเพื่อจำลอง_SUMO
PTW-11,แยกสารสิน ขาเข้า ถ.ราชดำริ,edge_sarasin_ratchadamri_in,32400,54000,นอกเวลาเร่งด่วน,รถจักรยาน,0.005,ประเมินเพื่อจำลอง_SUMO
PTW-11,แยกสารสิน ขาเข้า ถ.ราชดำริ,edge_sarasin_ratchadamri_in,32400,54000,นอกเวลาเร่งด่วน,รถจักรยานยนต์,0.365,ประเมินเพื่อจำลอง_SUMO
PTW-11,แยกสารสิน ขาเข้า ถ.ราชดำริ,edge_sarasin_ratchadamri_in,32400,54000,นอกเวลาเร่งด่วน,รถตุ๊กตุ๊ก_สามล้อ,0.011,ประเมินเพื่อจำลอง_SUMO
PTW-11,แยกสารสิน ขาเข้า ถ.ราชดำริ,edge_sarasin_ratchadamri_in,32400,54000,นอกเวลาเร่งด่วน,รถยนต์นั่งส่วนบุคคล,0.562,ประเมินเพื่อจำลอง_SUMO
PTW-11,แยกสารสิน ขาเข้า ถ.ราชดำริ,edge_sarasin_ratchadamri_in,32400,54000,นอกเวลาเร่งด่วน,รถแท็กซี่,0.123,ประเมินเพื่อจำลอง_SUMO
PTW-11,แยกสารสิน ขาเข้า ถ.ราชดำริ,edge_sarasin_ratchadamri_in,32400,54000,นอกเวลาเร่งด่วน,รถตู้,0.033,ประเมินเพื่อจำลอง_SUMO
PTW-11,แยกสารสิน ขาเข้า ถ.ราชดำริ,edge_sarasin_ratchadamri_in,32400,54000,นอกเวลาเร่งด่วน,รถโดยสารขนาดเล็ก,0.022,ประเมินเพื่อจำลอง_SUMO
PTW-11,แยกสารสิน ขาเข้า ถ.ราชดำริ,edge_sarasin_ratchadamri_in,32400,54000,นอกเวลาเร่งด่วน,รถโดยสารขนาดใหญ่,0.033,ประเมินเพื่อจำลอง_SUMO
PTW-11,แยกสารสิน ขาเข้า ถ.ราชดำริ,edge_sarasin_ratchadamri_in,32400,54000,นอกเวลาเร่งด่วน,รถบรรทุก4ล้อ,0.045,ประเมินเพื่อจำลอง_SUMO
PTW-11,แยกสารสิน ขาเข้า ถ.ราชดำริ,edge_sarasin_ratchadamri_in,32400,54000,นอกเวลาเร่งด่วน,รถบรรทุก6ล้อ,0.011,ประเมินเพื่อจำลอง_SUMO
PTW-11,แยกสารสิน ขาเข้า ถ.ราชดำริ,edge_sarasin_ratchadamri_in,32400,54000,นอกเวลาเร่งด่วน,รถบรรทุก10ล้อขึ้นไป,0.002,ประเมินเพื่อจำลอง_SUMO
PTW-11,แยกสารสิน ขาเข้า ถ.ราชดำริ,edge_sarasin_ratchadamri_in,32400,54000,นอกเวลาเร่งด่วน,รถพ่วง_รถกึ่งพ่วง,0.002,ประเมินเพื่อจำลอง_SUMO
PTW-11,แยกสารสิน ขาเข้า ถ.ราชดำริ,edge_sarasin_ratchadamri_in,54000,64800,เร่งด่วนเย็น,รถจักรยาน,0.011,ประเมินเพื่อจำลอง_SUMO
PTW-11,แยกสารสิน ขาเข้า ถ.ราชดำริ,edge_sarasin_ratchadamri_in,54000,64800,เร่งด่วนเย็น,รถจักรยานยนต์,0.731,ประเมินเพื่อจำลอง_SUMO
PTW-11,แยกสารสิน ขาเข้า ถ.ราชดำริ,edge_sarasin_ratchadamri_in,54000,64800,เร่งด่วนเย็น,รถตุ๊กตุ๊ก_สามล้อ,0.022,ประเมินเพื่อจำลอง_SUMO
PTW-11,แยกสารสิน ขาเข้า ถ.ราชดำริ,edge_sarasin_ratchadamri_in,54000,64800,เร่งด่วนเย็น,รถยนต์นั่งส่วนบุคคล,1.124,ประเมินเพื่อจำลอง_SUMO
PTW-11,แยกสารสิน ขาเข้า ถ.ราชดำริ,edge_sarasin_ratchadamri_in,54000,64800,เร่งด่วนเย็น,รถแท็กซี่,0.247,ประเมินเพื่อจำลอง_SUMO
PTW-11,แยกสารสิน ขาเข้า ถ.ราชดำริ,edge_sarasin_ratchadamri_in,54000,64800,เร่งด่วนเย็น,รถตู้,0.067,ประเมินเพื่อจำลอง_SUMO
PTW-11,แยกสารสิน ขาเข้า ถ.ราชดำริ,edge_sarasin_ratchadamri_in,54000,64800,เร่งด่วนเย็น,รถโดยสารขนาดเล็ก,0.045,ประเมินเพื่อจำลอง_SUMO
PTW-11,แยกสารสิน ขาเข้า ถ.ราชดำริ,edge_sarasin_ratchadamri_in,54000,64800,เร่งด่วนเย็น,รถโดยสารขนาดใหญ่,0.067,ประเมินเพื่อจำลอง_SUMO
PTW-11,แยกสารสิน ขาเข้า ถ.ราชดำริ,edge_sarasin_ratchadamri_in,54000,64800,เร่งด่วนเย็น,รถบรรทุก4ล้อ,0.089,ประเมินเพื่อจำลอง_SUMO
PTW-11,แยกสารสิน ขาเข้า ถ.ราชดำริ,edge_sarasin_ratchadamri_in,54000,64800,เร่งด่วนเย็น,รถบรรทุก6ล้อ,0.022,ประเมินเพื่อจำลอง_SUMO
PTW-11,แยกสารสิน ขาเข้า ถ.ราชดำริ,edge_sarasin_ratchadamri_in,54000,64800,เร่งด่วนเย็น,รถบรรทุก10ล้อขึ้นไป,0.006,ประเมินเพื่อจำลอง_SUMO
PTW-11,แยกสารสิน ขาเข้า ถ.ราชดำริ,edge_sarasin_ratchadamri_in,54000,64800,เร่งด่วนเย็น,รถพ่วง_รถกึ่งพ่วง,0.006,ประเมินเพื่อจำลอง_SUMO
PTW-12,แยกอังรีดูนังต์ ขาเข้า ถ.พระราม4,edge_ram4_henri_in,25200,32400,เร่งด่วนเช้า,รถจักรยาน,0.029,ประเมินเพื่อจำลอง_SUMO
PTW-12,แยกอังรีดูนังต์ ขาเข้า ถ.พระราม4,edge_ram4_henri_in,25200,32400,เร่งด่วนเช้า,รถจักรยานยนต์,1.903,ประเมินเพื่อจำลอง_SUMO
PTW-12,แยกอังรีดูนังต์ ขาเข้า ถ.พระราม4,edge_ram4_henri_in,25200,32400,เร่งด่วนเช้า,รถตุ๊กตุ๊ก_สามล้อ,0.059,ประเมินเพื่อจำลอง_SUMO
PTW-12,แยกอังรีดูนังต์ ขาเข้า ถ.พระราม4,edge_ram4_henri_in,25200,32400,เร่งด่วนเช้า,รถยนต์นั่งส่วนบุคคล,2.928,ประเมินเพื่อจำลอง_SUMO
PTW-12,แยกอังรีดูนังต์ ขาเข้า ถ.พระราม4,edge_ram4_henri_in,25200,32400,เร่งด่วนเช้า,รถแท็กซี่,0.644,ประเมินเพื่อจำลอง_SUMO
PTW-12,แยกอังรีดูนังต์ ขาเข้า ถ.พระราม4,edge_ram4_henri_in,25200,32400,เร่งด่วนเช้า,รถตู้,0.176,ประเมินเพื่อจำลอง_SUMO
PTW-12,แยกอังรีดูนังต์ ขาเข้า ถ.พระราม4,edge_ram4_henri_in,25200,32400,เร่งด่วนเช้า,รถโดยสารขนาดเล็ก,0.117,ประเมินเพื่อจำลอง_SUMO
PTW-12,แยกอังรีดูนังต์ ขาเข้า ถ.พระราม4,edge_ram4_henri_in,25200,32400,เร่งด่วนเช้า,รถโดยสารขนาดใหญ่,0.176,ประเมินเพื่อจำลอง_SUMO
PTW-12,แยกอังรีดูนังต์ ขาเข้า ถ.พระราม4,edge_ram4_henri_in,25200,32400,เร่งด่วนเช้า,รถบรรทุก4ล้อ,0.234,ประเมินเพื่อจำลอง_SUMO
PTW-12,แยกอังรีดูนังต์ ขาเข้า ถ.พระราม4,edge_ram4_henri_in,25200,32400,เร่งด่วนเช้า,รถบรรทุก6ล้อ,0.059,ประเมินเพื่อจำลอง_SUMO
PTW-12,แยกอังรีดูนังต์ ขาเข้า ถ.พระราม4,edge_ram4_henri_in,25200,32400,เร่งด่วนเช้า,รถบรรทุก10ล้อขึ้นไป,0.018,ประเมินเพื่อจำลอง_SUMO
PTW-12,แยกอังรีดูนังต์ ขาเข้า ถ.พระราม4,edge_ram4_henri_in,25200,32400,เร่งด่วนเช้า,รถพ่วง_รถกึ่งพ่วง,0.018,ประเมินเพื่อจำลอง_SUMO
PTW-12,แยกอังรีดูนังต์ ขาเข้า ถ.พระราม4,edge_ram4_henri_in,32400,54000,นอกเวลาเร่งด่วน,รถจักรยาน,0.012,ประเมินเพื่อจำลอง_SUMO
PTW-12,แยกอังรีดูนังต์ ขาเข้า ถ.พระราม4,edge_ram4_henri_in,32400,54000,นอกเวลาเร่งด่วน,รถจักรยานยนต์,0.761,ประเมินเพื่อจำลอง_SUMO
PTW-12,แยกอังรีดูนังต์ ขาเข้า ถ.พระราม4,edge_ram4_henri_in,32400,54000,นอกเวลาเร่งด่วน,รถตุ๊กตุ๊ก_สามล้อ,0.023,ประเมินเพื่อจำลอง_SUMO
PTW-12,แยกอังรีดูนังต์ ขาเข้า ถ.พระราม4,edge_ram4_henri_in,32400,54000,นอกเวลาเร่งด่วน,รถยนต์นั่งส่วนบุคคล,1.171,ประเมินเพื่อจำลอง_SUMO
PTW-12,แยกอังรีดูนังต์ ขาเข้า ถ.พระราม4,edge_ram4_henri_in,32400,54000,นอกเวลาเร่งด่วน,รถแท็กซี่,0.258,ประเมินเพื่อจำลอง_SUMO
PTW-12,แยกอังรีดูนังต์ ขาเข้า ถ.พระราม4,edge_ram4_henri_in,32400,54000,นอกเวลาเร่งด่วน,รถตู้,0.07,ประเมินเพื่อจำลอง_SUMO
PTW-12,แยกอังรีดูนังต์ ขาเข้า ถ.พระราม4,edge_ram4_henri_in,32400,54000,นอกเวลาเร่งด่วน,รถโดยสารขนาดเล็ก,0.047,ประเมินเพื่อจำลอง_SUMO
PTW-12,แยกอังรีดูนังต์ ขาเข้า ถ.พระราม4,edge_ram4_henri_in,32400,54000,นอกเวลาเร่งด่วน,รถโดยสารขนาดใหญ่,0.07,ประเมินเพื่อจำลอง_SUMO
PTW-12,แยกอังรีดูนังต์ ขาเข้า ถ.พระราม4,edge_ram4_henri_in,32400,54000,นอกเวลาเร่งด่วน,รถบรรทุก4ล้อ,0.094,ประเมินเพื่อจำลอง_SUMO
PTW-12,แยกอังรีดูนังต์ ขาเข้า ถ.พระราม4,edge_ram4_henri_in,32400,54000,นอกเวลาเร่งด่วน,รถบรรทุก6ล้อ,0.023,ประเมินเพื่อจำลอง_SUMO
PTW-12,แยกอังรีดูนังต์ ขาเข้า ถ.พระราม4,edge_ram4_henri_in,32400,54000,นอกเวลาเร่งด่วน,รถบรรทุก10ล้อขึ้นไป,0.007,ประเมินเพื่อจำลอง_SUMO
PTW-12,แยกอังรีดูนังต์ ขาเข้า ถ.พระราม4,edge_ram4_henri_in,32400,54000,นอกเวลาเร่งด่วน,รถพ่วง_รถกึ่งพ่วง,0.007,ประเมินเพื่อจำลอง_SUMO
PTW-12,แยกอังรีดูนังต์ ขาเข้า ถ.พระราม4,edge_ram4_henri_in,54000,64800,เร่งด่วนเย็น,รถจักรยาน,0.023,ประเมินเพื่อจำลอง_SUMO
PTW-12,แยกอังรีดูนังต์ ขาเข้า ถ.พระราม4,edge_ram4_henri_in,54000,64800,เร่งด่วนเย็น,รถจักรยานยนต์,1.523,ประเมินเพื่อจำลอง_SUMO
PTW-12,แยกอังรีดูนังต์ ขาเข้า ถ.พระราม4,edge_ram4_henri_in,54000,64800,เร่งด่วนเย็น,รถตุ๊กตุ๊ก_สามล้อ,0.047,ประเมินเพื่อจำลอง_SUMO
PTW-12,แยกอังรีดูนังต์ ขาเข้า ถ.พระราม4,edge_ram4_henri_in,54000,64800,เร่งด่วนเย็น,รถยนต์นั่งส่วนบุคคล,2.343,ประเมินเพื่อจำลอง_SUMO
PTW-12,แยกอังรีดูนังต์ ขาเข้า ถ.พระราม4,edge_ram4_henri_in,54000,64800,เร่งด่วนเย็น,รถแท็กซี่,0.515,ประเมินเพื่อจำลอง_SUMO
PTW-12,แยกอังรีดูนังต์ ขาเข้า ถ.พระราม4,edge_ram4_henri_in,54000,64800,เร่งด่วนเย็น,รถตู้,0.141,ประเมินเพื่อจำลอง_SUMO
PTW-12,แยกอังรีดูนังต์ ขาเข้า ถ.พระราม4,edge_ram4_henri_in,54000,64800,เร่งด่วนเย็น,รถโดยสารขนาดเล็ก,0.094,ประเมินเพื่อจำลอง_SUMO
PTW-12,แยกอังรีดูนังต์ ขาเข้า ถ.พระราม4,edge_ram4_henri_in,54000,64800,เร่งด่วนเย็น,รถโดยสารขนาดใหญ่,0.141,ประเมินเพื่อจำลอง_SUMO
PTW-12,แยกอังรีดูนังต์ ขาเข้า ถ.พระราม4,edge_ram4_henri_in,54000,64800,เร่งด่วนเย็น,รถบรรทุก4ล้อ,0.187,ประเมินเพื่อจำลอง_SUMO
PTW-12,แยกอังรีดูนังต์ ขาเข้า ถ.พระราม4,edge_ram4_henri_in,54000,64800,เร่งด่วนเย็น,รถบรรทุก6ล้อ,0.047,ประเมินเพื่อจำลอง_SUMO
PTW-12,แยกอังรีดูนังต์ ขาเข้า ถ.พระราม4,edge_ram4_henri_in,54000,64800,เร่งด่วนเย็น,รถบรรทุก10ล้อขึ้นไป,0.014,ประเมินเพื่อจำลอง_SUMO
PTW-12,แยกอังรีดูนังต์ ขาเข้า ถ.พระราม4,edge_ram4_henri_in,54000,64800,เร่งด่วนเย็น,รถพ่วง_รถกึ่งพ่วง,0.014,ประเมินเพื่อจำลอง_SUMO
PTW-13,แยกสะพานเหลือง ขาเข้า ถ.พระราม4,edge_ram4_saphanluang_in,25200,32400,เร่งด่วนเช้า,รถจักรยาน,0.039,ประเมินเพื่อจำลอง_SUMO
PTW-13,แยกสะพานเหลือง ขาเข้า ถ.พระราม4,edge_ram4_saphanluang_in,25200,32400,เร่งด่วนเช้า,รถจักรยานยนต์,2.512,ประเมินเพื่อจำลอง_SUMO
PTW-13,แยกสะพานเหลือง ขาเข้า ถ.พระราม4,edge_ram4_saphanluang_in,25200,32400,เร่งด่วนเช้า,รถตุ๊กตุ๊ก_สามล้อ,0.077,ประเมินเพื่อจำลอง_SUMO
PTW-13,แยกสะพานเหลือง ขาเข้า ถ.พระราม4,edge_ram4_saphanluang_in,25200,32400,เร่งด่วนเช้า,รถยนต์นั่งส่วนบุคคล,3.865,ประเมินเพื่อจำลอง_SUMO
PTW-13,แยกสะพานเหลือง ขาเข้า ถ.พระราม4,edge_ram4_saphanluang_in,25200,32400,เร่งด่วนเช้า,รถแท็กซี่,0.85,ประเมินเพื่อจำลอง_SUMO
PTW-13,แยกสะพานเหลือง ขาเข้า ถ.พระราม4,edge_ram4_saphanluang_in,25200,32400,เร่งด่วนเช้า,รถตู้,0.232,ประเมินเพื่อจำลอง_SUMO
PTW-13,แยกสะพานเหลือง ขาเข้า ถ.พระราม4,edge_ram4_saphanluang_in,25200,32400,เร่งด่วนเช้า,รถโดยสารขนาดเล็ก,0.155,ประเมินเพื่อจำลอง_SUMO
PTW-13,แยกสะพานเหลือง ขาเข้า ถ.พระราม4,edge_ram4_saphanluang_in,25200,32400,เร่งด่วนเช้า,รถโดยสารขนาดใหญ่,0.232,ประเมินเพื่อจำลอง_SUMO
PTW-13,แยกสะพานเหลือง ขาเข้า ถ.พระราม4,edge_ram4_saphanluang_in,25200,32400,เร่งด่วนเช้า,รถบรรทุก4ล้อ,0.309,ประเมินเพื่อจำลอง_SUMO
PTW-13,แยกสะพานเหลือง ขาเข้า ถ.พระราม4,edge_ram4_saphanluang_in,25200,32400,เร่งด่วนเช้า,รถบรรทุก6ล้อ,0.077,ประเมินเพื่อจำลอง_SUMO
PTW-13,แยกสะพานเหลือง ขาเข้า ถ.พระราม4,edge_ram4_saphanluang_in,25200,32400,เร่งด่วนเช้า,รถบรรทุก10ล้อขึ้นไป,0.023,ประเมินเพื่อจำลอง_SUMO
PTW-13,แยกสะพานเหลือง ขาเข้า ถ.พระราม4,edge_ram4_saphanluang_in,25200,32400,เร่งด่วนเช้า,รถพ่วง_รถกึ่งพ่วง,0.023,ประเมินเพื่อจำลอง_SUMO
PTW-13,แยกสะพานเหลือง ขาเข้า ถ.พระราม4,edge_ram4_saphanluang_in,32400,54000,นอกเวลาเร่งด่วน,รถจักรยาน,0.015,ประเมินเพื่อจำลอง_SUMO
PTW-13,แยกสะพานเหลือง ขาเข้า ถ.พระราม4,edge_ram4_saphanluang_in,32400,54000,นอกเวลาเร่งด่วน,รถจักรยานยนต์,1.005,ประเมินเพื่อจำลอง_SUMO
PTW-13,แยกสะพานเหลือง ขาเข้า ถ.พระราม4,edge_ram4_saphanluang_in,32400,54000,นอกเวลาเร่งด่วน,รถตุ๊กตุ๊ก_สามล้อ,0.03,ประเมินเพื่อจำลอง_SUMO
PTW-13,แยกสะพานเหลือง ขาเข้า ถ.พระราม4,edge_ram4_saphanluang_in,32400,54000,นอกเวลาเร่งด่วน,รถยนต์นั่งส่วนบุคคล,1.546,ประเมินเพื่อจำลอง_SUMO
PTW-13,แยกสะพานเหลือง ขาเข้า ถ.พระราม4,edge_ram4_saphanluang_in,32400,54000,นอกเวลาเร่งด่วน,รถแท็กซี่,0.34,ประเมินเพื่อจำลอง_SUMO
PTW-13,แยกสะพานเหลือง ขาเข้า ถ.พระราม4,edge_ram4_saphanluang_in,32400,54000,นอกเวลาเร่งด่วน,รถตู้,0.093,ประเมินเพื่อจำลอง_SUMO
PTW-13,แยกสะพานเหลือง ขาเข้า ถ.พระราม4,edge_ram4_saphanluang_in,32400,54000,นอกเวลาเร่งด่วน,รถโดยสารขนาดเล็ก,0.062,ประเมินเพื่อจำลอง_SUMO
PTW-13,แยกสะพานเหลือง ขาเข้า ถ.พระราม4,edge_ram4_saphanluang_in,32400,54000,นอกเวลาเร่งด่วน,รถโดยสารขนาดใหญ่,0.093,ประเมินเพื่อจำลอง_SUMO
PTW-13,แยกสะพานเหลือง ขาเข้า ถ.พระราม4,edge_ram4_saphanluang_in,32400,54000,นอกเวลาเร่งด่วน,รถบรรทุก4ล้อ,0.124,ประเมินเพื่อจำลอง_SUMO
PTW-13,แยกสะพานเหลือง ขาเข้า ถ.พระราม4,edge_ram4_saphanluang_in,32400,54000,นอกเวลาเร่งด่วน,รถบรรทุก6ล้อ,0.03,ประเมินเพื่อจำลอง_SUMO
PTW-13,แยกสะพานเหลือง ขาเข้า ถ.พระราม4,edge_ram4_saphanluang_in,32400,54000,นอกเวลาเร่งด่วน,รถบรรทุก10ล้อขึ้นไป,0.009,ประเมินเพื่อจำลอง_SUMO
PTW-13,แยกสะพานเหลือง ขาเข้า ถ.พระราม4,edge_ram4_saphanluang_in,32400,54000,นอกเวลาเร่งด่วน,รถพ่วง_รถกึ่งพ่วง,0.009,ประเมินเพื่อจำลอง_SUMO
PTW-13,แยกสะพานเหลือง ขาเข้า ถ.พระราม4,edge_ram4_saphanluang_in,54000,64800,เร่งด่วนเย็น,รถจักรยาน,0.03,ประเมินเพื่อจำลอง_SUMO
PTW-13,แยกสะพานเหลือง ขาเข้า ถ.พระราม4,edge_ram4_saphanluang_in,54000,64800,เร่งด่วนเย็น,รถจักรยานยนต์,2.01,ประเมินเพื่อจำลอง_SUMO
PTW-13,แยกสะพานเหลือง ขาเข้า ถ.พระราม4,edge_ram4_saphanluang_in,54000,64800,เร่งด่วนเย็น,รถตุ๊กตุ๊ก_สามล้อ,0.062,ประเมินเพื่อจำลอง_SUMO
PTW-13,แยกสะพานเหลือง ขาเข้า ถ.พระราม4,edge_ram4_saphanluang_in,54000,64800,เร่งด่วนเย็น,รถยนต์นั่งส่วนบุคคล,3.092,ประเมินเพื่อจำลอง_SUMO
PTW-13,แยกสะพานเหลือง ขาเข้า ถ.พระราม4,edge_ram4_saphanluang_in,54000,64800,เร่งด่วนเย็น,รถแท็กซี่,0.681,ประเมินเพื่อจำลอง_SUMO
PTW-13,แยกสะพานเหลือง ขาเข้า ถ.พระราม4,edge_ram4_saphanluang_in,54000,64800,เร่งด่วนเย็น,รถตู้,0.185,ประเมินเพื่อจำลอง_SUMO
PTW-13,แยกสะพานเหลือง ขาเข้า ถ.พระราม4,edge_ram4_saphanluang_in,54000,64800,เร่งด่วนเย็น,รถโดยสารขนาดเล็ก,0.124,ประเมินเพื่อจำลอง_SUMO
PTW-13,แยกสะพานเหลือง ขาเข้า ถ.พระราม4,edge_ram4_saphanluang_in,54000,64800,เร่งด่วนเย็น,รถโดยสารขนาดใหญ่,0.185,ประเมินเพื่อจำลอง_SUMO
PTW-13,แยกสะพานเหลือง ขาเข้า ถ.พระราม4,edge_ram4_saphanluang_in,54000,64800,เร่งด่วนเย็น,รถบรรทุก4ล้อ,0.247,ประเมินเพื่อจำลอง_SUMO
PTW-13,แยกสะพานเหลือง ขาเข้า ถ.พระราม4,edge_ram4_saphanluang_in,54000,64800,เร่งด่วนเย็น,รถบรรทุก6ล้อ,0.062,ประเมินเพื่อจำลอง_SUMO
PTW-13,แยกสะพานเหลือง ขาเข้า ถ.พระราม4,edge_ram4_saphanluang_in,54000,64800,เร่งด่วนเย็น,รถบรรทุก10ล้อขึ้นไป,0.019,ประเมินเพื่อจำลอง_SUMO
PTW-13,แยกสะพานเหลือง ขาเข้า ถ.พระราม4,edge_ram4_saphanluang_in,54000,64800,เร่งด่วนเย็น,รถพ่วง_รถกึ่งพ่วง,0.019,ประเมินเพื่อจำลอง_SUMO
PTW-14,แยกอุรุพงษ์ ขาเข้า ถ.เพชรบุรี,edge_phetchaburi_uruphong_in,25200,32400,เร่งด่วนเช้า,รถจักรยาน,0.033,ประเมินเพื่อจำลอง_SUMO
PTW-14,แยกอุรุพงษ์ ขาเข้า ถ.เพชรบุรี,edge_phetchaburi_uruphong_in,25200,32400,เร่งด่วนเช้า,รถจักรยานยนต์,2.132,ประเมินเพื่อจำลอง_SUMO
PTW-14,แยกอุรุพงษ์ ขาเข้า ถ.เพชรบุรี,edge_phetchaburi_uruphong_in,25200,32400,เร่งด่วนเช้า,รถตุ๊กตุ๊ก_สามล้อ,0.066,ประเมินเพื่อจำลอง_SUMO
PTW-14,แยกอุรุพงษ์ ขาเข้า ถ.เพชรบุรี,edge_phetchaburi_uruphong_in,25200,32400,เร่งด่วนเช้า,รถยนต์นั่งส่วนบุคคล,3.28,ประเมินเพื่อจำลอง_SUMO
PTW-14,แยกอุรุพงษ์ ขาเข้า ถ.เพชรบุรี,edge_phetchaburi_uruphong_in,25200,32400,เร่งด่วนเช้า,รถแท็กซี่,0.722,ประเมินเพื่อจำลอง_SUMO
PTW-14,แยกอุรุพงษ์ ขาเข้า ถ.เพชรบุรี,edge_phetchaburi_uruphong_in,25200,32400,เร่งด่วนเช้า,รถตู้,0.197,ประเมินเพื่อจำลอง_SUMO
PTW-14,แยกอุรุพงษ์ ขาเข้า ถ.เพชรบุรี,edge_phetchaburi_uruphong_in,25200,32400,เร่งด่วนเช้า,รถโดยสารขนาดเล็ก,0.131,ประเมินเพื่อจำลอง_SUMO
PTW-14,แยกอุรุพงษ์ ขาเข้า ถ.เพชรบุรี,edge_phetchaburi_uruphong_in,25200,32400,เร่งด่วนเช้า,รถโดยสารขนาดใหญ่,0.197,ประเมินเพื่อจำลอง_SUMO
PTW-14,แยกอุรุพงษ์ ขาเข้า ถ.เพชรบุรี,edge_phetchaburi_uruphong_in,25200,32400,เร่งด่วนเช้า,รถบรรทุก4ล้อ,0.262,ประเมินเพื่อจำลอง_SUMO
PTW-14,แยกอุรุพงษ์ ขาเข้า ถ.เพชรบุรี,edge_phetchaburi_uruphong_in,25200,32400,เร่งด่วนเช้า,รถบรรทุก6ล้อ,0.066,ประเมินเพื่อจำลอง_SUMO
PTW-14,แยกอุรุพงษ์ ขาเข้า ถ.เพชรบุรี,edge_phetchaburi_uruphong_in,25200,32400,เร่งด่วนเช้า,รถบรรทุก10ล้อขึ้นไป,0.02,ประเมินเพื่อจำลอง_SUMO
PTW-14,แยกอุรุพงษ์ ขาเข้า ถ.เพชรบุรี,edge_phetchaburi_uruphong_in,25200,32400,เร่งด่วนเช้า,รถพ่วง_รถกึ่งพ่วง,0.02,ประเมินเพื่อจำลอง_SUMO
PTW-14,แยกอุรุพงษ์ ขาเข้า ถ.เพชรบุรี,edge_phetchaburi_uruphong_in,32400,54000,นอกเวลาเร่งด่วน,รถจักรยาน,0.013,ประเมินเพื่อจำลอง_SUMO
PTW-14,แยกอุรุพงษ์ ขาเข้า ถ.เพชรบุรี,edge_phetchaburi_uruphong_in,32400,54000,นอกเวลาเร่งด่วน,รถจักรยานยนต์,0.853,ประเมินเพื่อจำลอง_SUMO
PTW-14,แยกอุรุพงษ์ ขาเข้า ถ.เพชรบุรี,edge_phetchaburi_uruphong_in,32400,54000,นอกเวลาเร่งด่วน,รถตุ๊กตุ๊ก_สามล้อ,0.026,ประเมินเพื่อจำลอง_SUMO
PTW-14,แยกอุรุพงษ์ ขาเข้า ถ.เพชรบุรี,edge_phetchaburi_uruphong_in,32400,54000,นอกเวลาเร่งด่วน,รถยนต์นั่งส่วนบุคคล,1.312,ประเมินเพื่อจำลอง_SUMO
PTW-14,แยกอุรุพงษ์ ขาเข้า ถ.เพชรบุรี,edge_phetchaburi_uruphong_in,32400,54000,นอกเวลาเร่งด่วน,รถแท็กซี่,0.288,ประเมินเพื่อจำลอง_SUMO
PTW-14,แยกอุรุพงษ์ ขาเข้า ถ.เพชรบุรี,edge_phetchaburi_uruphong_in,32400,54000,นอกเวลาเร่งด่วน,รถตู้,0.078,ประเมินเพื่อจำลอง_SUMO
PTW-14,แยกอุรุพงษ์ ขาเข้า ถ.เพชรบุรี,edge_phetchaburi_uruphong_in,32400,54000,นอกเวลาเร่งด่วน,รถโดยสารขนาดเล็ก,0.053,ประเมินเพื่อจำลอง_SUMO
PTW-14,แยกอุรุพงษ์ ขาเข้า ถ.เพชรบุรี,edge_phetchaburi_uruphong_in,32400,54000,นอกเวลาเร่งด่วน,รถโดยสารขนาดใหญ่,0.078,ประเมินเพื่อจำลอง_SUMO
PTW-14,แยกอุรุพงษ์ ขาเข้า ถ.เพชรบุรี,edge_phetchaburi_uruphong_in,32400,54000,นอกเวลาเร่งด่วน,รถบรรทุก4ล้อ,0.105,ประเมินเพื่อจำลอง_SUMO
PTW-14,แยกอุรุพงษ์ ขาเข้า ถ.เพชรบุรี,edge_phetchaburi_uruphong_in,32400,54000,นอกเวลาเร่งด่วน,รถบรรทุก6ล้อ,0.026,ประเมินเพื่อจำลอง_SUMO
PTW-14,แยกอุรุพงษ์ ขาเข้า ถ.เพชรบุรี,edge_phetchaburi_uruphong_in,32400,54000,นอกเวลาเร่งด่วน,รถบรรทุก10ล้อขึ้นไป,0.008,ประเมินเพื่อจำลอง_SUMO
PTW-14,แยกอุรุพงษ์ ขาเข้า ถ.เพชรบุรี,edge_phetchaburi_uruphong_in,32400,54000,นอกเวลาเร่งด่วน,รถพ่วง_รถกึ่งพ่วง,0.008,ประเมินเพื่อจำลอง_SUMO
PTW-14,แยกอุรุพงษ์ ขาเข้า ถ.เพชรบุรี,edge_phetchaburi_uruphong_in,54000,64800,เร่งด่วนเย็น,รถจักรยาน,0.026,ประเมินเพื่อจำลอง_SUMO
PTW-14,แยกอุรุพงษ์ ขาเข้า ถ.เพชรบุรี,edge_phetchaburi_uruphong_in,54000,64800,เร่งด่วนเย็น,รถจักรยานยนต์,1.705,ประเมินเพื่อจำลอง_SUMO
PTW-14,แยกอุรุพงษ์ ขาเข้า ถ.เพชรบุรี,edge_phetchaburi_uruphong_in,54000,64800,เร่งด่วนเย็น,รถตุ๊กตุ๊ก_สามล้อ,0.053,ประเมินเพื่อจำลอง_SUMO
PTW-14,แยกอุรุพงษ์ ขาเข้า ถ.เพชรบุรี,edge_phetchaburi_uruphong_in,54000,64800,เร่งด่วนเย็น,รถยนต์นั่งส่วนบุคคล,2.624,ประเมินเพื่อจำลอง_SUMO
PTW-14,แยกอุรุพงษ์ ขาเข้า ถ.เพชรบุรี,edge_phetchaburi_uruphong_in,54000,64800,เร่งด่วนเย็น,รถแท็กซี่,0.577,ประเมินเพื่อจำลอง_SUMO
PTW-14,แยกอุรุพงษ์ ขาเข้า ถ.เพชรบุรี,edge_phetchaburi_uruphong_in,54000,64800,เร่งด่วนเย็น,รถตู้,0.157,ประเมินเพื่อจำลอง_SUMO
PTW-14,แยกอุรุพงษ์ ขาเข้า ถ.เพชรบุรี,edge_phetchaburi_uruphong_in,54000,64800,เร่งด่วนเย็น,รถโดยสารขนาดเล็ก,0.105,ประเมินเพื่อจำลอง_SUMO
PTW-14,แยกอุรุพงษ์ ขาเข้า ถ.เพชรบุรี,edge_phetchaburi_uruphong_in,54000,64800,เร่งด่วนเย็น,รถโดยสารขนาดใหญ่,0.157,ประเมินเพื่อจำลอง_SUMO
PTW-14,แยกอุรุพงษ์ ขาเข้า ถ.เพชรบุรี,edge_phetchaburi_uruphong_in,54000,64800,เร่งด่วนเย็น,รถบรรทุก4ล้อ,0.21,ประเมินเพื่อจำลอง_SUMO
PTW-14,แยกอุรุพงษ์ ขาเข้า ถ.เพชรบุรี,edge_phetchaburi_uruphong_in,54000,64800,เร่งด่วนเย็น,รถบรรทุก6ล้อ,0.053,ประเมินเพื่อจำลอง_SUMO
PTW-14,แยกอุรุพงษ์ ขาเข้า ถ.เพชรบุรี,edge_phetchaburi_uruphong_in,54000,64800,เร่งด่วนเย็น,รถบรรทุก10ล้อขึ้นไป,0.015,ประเมินเพื่อจำลอง_SUMO
PTW-14,แยกอุรุพงษ์ ขาเข้า ถ.เพชรบุรี,edge_phetchaburi_uruphong_in,54000,64800,เร่งด่วนเย็น,รถพ่วง_รถกึ่งพ่วง,0.015,ประเมินเพื่อจำลอง_SUMO
PTW-15,แยกประตูน้ำ ขาเข้า ถ.ราชดำริ,edge_ratchadamri_pratunam_in,25200,32400,เร่งด่วนเช้า,รถจักรยาน,0.041,ประเมินเพื่อจำลอง_SUMO
PTW-15,แยกประตูน้ำ ขาเข้า ถ.ราชดำริ,edge_ratchadamri_pratunam_in,25200,32400,เร่งด่วนเช้า,รถจักรยานยนต์,2.665,ประเมินเพื่อจำลอง_SUMO
PTW-15,แยกประตูน้ำ ขาเข้า ถ.ราชดำริ,edge_ratchadamri_pratunam_in,25200,32400,เร่งด่วนเช้า,รถตุ๊กตุ๊ก_สามล้อ,0.082,ประเมินเพื่อจำลอง_SUMO
PTW-15,แยกประตูน้ำ ขาเข้า ถ.ราชดำริ,edge_ratchadamri_pratunam_in,25200,32400,เร่งด่วนเช้า,รถยนต์นั่งส่วนบุคคล,4.099,ประเมินเพื่อจำลอง_SUMO
PTW-15,แยกประตูน้ำ ขาเข้า ถ.ราชดำริ,edge_ratchadamri_pratunam_in,25200,32400,เร่งด่วนเช้า,รถแท็กซี่,0.902,ประเมินเพื่อจำลอง_SUMO
PTW-15,แยกประตูน้ำ ขาเข้า ถ.ราชดำริ,edge_ratchadamri_pratunam_in,25200,32400,เร่งด่วนเช้า,รถตู้,0.246,ประเมินเพื่อจำลอง_SUMO
PTW-15,แยกประตูน้ำ ขาเข้า ถ.ราชดำริ,edge_ratchadamri_pratunam_in,25200,32400,เร่งด่วนเช้า,รถโดยสารขนาดเล็ก,0.164,ประเมินเพื่อจำลอง_SUMO
PTW-15,แยกประตูน้ำ ขาเข้า ถ.ราชดำริ,edge_ratchadamri_pratunam_in,25200,32400,เร่งด่วนเช้า,รถโดยสารขนาดใหญ่,0.246,ประเมินเพื่อจำลอง_SUMO
PTW-15,แยกประตูน้ำ ขาเข้า ถ.ราชดำริ,edge_ratchadamri_pratunam_in,25200,32400,เร่งด่วนเช้า,รถบรรทุก4ล้อ,0.328,ประเมินเพื่อจำลอง_SUMO
PTW-15,แยกประตูน้ำ ขาเข้า ถ.ราชดำริ,edge_ratchadamri_pratunam_in,25200,32400,เร่งด่วนเช้า,รถบรรทุก6ล้อ,0.082,ประเมินเพื่อจำลอง_SUMO
PTW-15,แยกประตูน้ำ ขาเข้า ถ.ราชดำริ,edge_ratchadamri_pratunam_in,25200,32400,เร่งด่วนเช้า,รถบรรทุก10ล้อขึ้นไป,0.025,ประเมินเพื่อจำลอง_SUMO
PTW-15,แยกประตูน้ำ ขาเข้า ถ.ราชดำริ,edge_ratchadamri_pratunam_in,25200,32400,เร่งด่วนเช้า,รถพ่วง_รถกึ่งพ่วง,0.025,ประเมินเพื่อจำลอง_SUMO
PTW-15,แยกประตูน้ำ ขาเข้า ถ.ราชดำริ,edge_ratchadamri_pratunam_in,32400,54000,นอกเวลาเร่งด่วน,รถจักรยาน,0.016,ประเมินเพื่อจำลอง_SUMO
PTW-15,แยกประตูน้ำ ขาเข้า ถ.ราชดำริ,edge_ratchadamri_pratunam_in,32400,54000,นอกเวลาเร่งด่วน,รถจักรยานยนต์,1.066,ประเมินเพื่อจำลอง_SUMO
PTW-15,แยกประตูน้ำ ขาเข้า ถ.ราชดำริ,edge_ratchadamri_pratunam_in,32400,54000,นอกเวลาเร่งด่วน,รถตุ๊กตุ๊ก_สามล้อ,0.033,ประเมินเพื่อจำลอง_SUMO
PTW-15,แยกประตูน้ำ ขาเข้า ถ.ราชดำริ,edge_ratchadamri_pratunam_in,32400,54000,นอกเวลาเร่งด่วน,รถยนต์นั่งส่วนบุคคล,1.64,ประเมินเพื่อจำลอง_SUMO
PTW-15,แยกประตูน้ำ ขาเข้า ถ.ราชดำริ,edge_ratchadamri_pratunam_in,32400,54000,นอกเวลาเร่งด่วน,รถแท็กซี่,0.361,ประเมินเพื่อจำลอง_SUMO
PTW-15,แยกประตูน้ำ ขาเข้า ถ.ราชดำริ,edge_ratchadamri_pratunam_in,32400,54000,นอกเวลาเร่งด่วน,รถตู้,0.098,ประเมินเพื่อจำลอง_SUMO
PTW-15,แยกประตูน้ำ ขาเข้า ถ.ราชดำริ,edge_ratchadamri_pratunam_in,32400,54000,นอกเวลาเร่งด่วน,รถโดยสารขนาดเล็ก,0.066,ประเมินเพื่อจำลอง_SUMO
PTW-15,แยกประตูน้ำ ขาเข้า ถ.ราชดำริ,edge_ratchadamri_pratunam_in,32400,54000,นอกเวลาเร่งด่วน,รถโดยสารขนาดใหญ่,0.098,ประเมินเพื่อจำลอง_SUMO
PTW-15,แยกประตูน้ำ ขาเข้า ถ.ราชดำริ,edge_ratchadamri_pratunam_in,32400,54000,นอกเวลาเร่งด่วน,รถบรรทุก4ล้อ,0.131,ประเมินเพื่อจำลอง_SUMO
PTW-15,แยกประตูน้ำ ขาเข้า ถ.ราชดำริ,edge_ratchadamri_pratunam_in,32400,54000,นอกเวลาเร่งด่วน,รถบรรทุก6ล้อ,0.033,ประเมินเพื่อจำลอง_SUMO
PTW-15,แยกประตูน้ำ ขาเข้า ถ.ราชดำริ,edge_ratchadamri_pratunam_in,32400,54000,นอกเวลาเร่งด่วน,รถบรรทุก10ล้อขึ้นไป,0.009,ประเมินเพื่อจำลอง_SUMO
PTW-15,แยกประตูน้ำ ขาเข้า ถ.ราชดำริ,edge_ratchadamri_pratunam_in,32400,54000,นอกเวลาเร่งด่วน,รถพ่วง_รถกึ่งพ่วง,0.009,ประเมินเพื่อจำลอง_SUMO
PTW-15,แยกประตูน้ำ ขาเข้า ถ.ราชดำริ,edge_ratchadamri_pratunam_in,54000,64800,เร่งด่วนเย็น,รถจักรยาน,0.033,ประเมินเพื่อจำลอง_SUMO
PTW-15,แยกประตูน้ำ ขาเข้า ถ.ราชดำริ,edge_ratchadamri_pratunam_in,54000,64800,เร่งด่วนเย็น,รถจักรยานยนต์,2.132,ประเมินเพื่อจำลอง_SUMO
PTW-15,แยกประตูน้ำ ขาเข้า ถ.ราชดำริ,edge_ratchadamri_pratunam_in,54000,64800,เร่งด่วนเย็น,รถตุ๊กตุ๊ก_สามล้อ,0.066,ประเมินเพื่อจำลอง_SUMO
PTW-15,แยกประตูน้ำ ขาเข้า ถ.ราชดำริ,edge_ratchadamri_pratunam_in,54000,64800,เร่งด่วนเย็น,รถยนต์นั่งส่วนบุคคล,3.28,ประเมินเพื่อจำลอง_SUMO
PTW-15,แยกประตูน้ำ ขาเข้า ถ.ราชดำริ,edge_ratchadamri_pratunam_in,54000,64800,เร่งด่วนเย็น,รถแท็กซี่,0.722,ประเมินเพื่อจำลอง_SUMO
PTW-15,แยกประตูน้ำ ขาเข้า ถ.ราชดำริ,edge_ratchadamri_pratunam_in,54000,64800,เร่งด่วนเย็น,รถตู้,0.197,ประเมินเพื่อจำลอง_SUMO
PTW-15,แยกประตูน้ำ ขาเข้า ถ.ราชดำริ,edge_ratchadamri_pratunam_in,54000,64800,เร่งด่วนเย็น,รถโดยสารขนาดเล็ก,0.131,ประเมินเพื่อจำลอง_SUMO
PTW-15,แยกประตูน้ำ ขาเข้า ถ.ราชดำริ,edge_ratchadamri_pratunam_in,54000,64800,เร่งด่วนเย็น,รถโดยสารขนาดใหญ่,0.197,ประเมินเพื่อจำลอง_SUMO
PTW-15,แยกประตูน้ำ ขาเข้า ถ.ราชดำริ,edge_ratchadamri_pratunam_in,54000,64800,เร่งด่วนเย็น,รถบรรทุก4ล้อ,0.262,ประเมินเพื่อจำลอง_SUMO
PTW-15,แยกประตูน้ำ ขาเข้า ถ.ราชดำริ,edge_ratchadamri_pratunam_in,54000,64800,เร่งด่วนเย็น,รถบรรทุก6ล้อ,0.066,ประเมินเพื่อจำลอง_SUMO
PTW-15,แยกประตูน้ำ ขาเข้า ถ.ราชดำริ,edge_ratchadamri_pratunam_in,54000,64800,เร่งด่วนเย็น,รถบรรทุก10ล้อขึ้นไป,0.02,ประเมินเพื่อจำลอง_SUMO
PTW-15,แยกประตูน้ำ ขาเข้า ถ.ราชดำริ,edge_ratchadamri_pratunam_in,54000,64800,เร่งด่วนเย็น,รถพ่วง_รถกึ่งพ่วง,0.02,ประเมินเพื่อจำลอง_SUMO
PTW-16,แยกจรัสเมือง ขาเข้า ถ.บรรทัดทอง,edge_banthatthong_charat_in,25200,32400,เร่งด่วนเช้า,รถจักรยาน,0.011,ประเมินเพื่อจำลอง_SUMO
PTW-16,แยกจรัสเมือง ขาเข้า ถ.บรรทัดทอง,edge_banthatthong_charat_in,25200,32400,เร่งด่วนเช้า,รถจักรยานยนต์,0.685,ประเมินเพื่อจำลอง_SUMO
PTW-16,แยกจรัสเมือง ขาเข้า ถ.บรรทัดทอง,edge_banthatthong_charat_in,25200,32400,เร่งด่วนเช้า,รถตุ๊กตุ๊ก_สามล้อ,0.021,ประเมินเพื่อจำลอง_SUMO
PTW-16,แยกจรัสเมือง ขาเข้า ถ.บรรทัดทอง,edge_banthatthong_charat_in,25200,32400,เร่งด่วนเช้า,รถยนต์นั่งส่วนบุคคล,1.054,ประเมินเพื่อจำลอง_SUMO
PTW-16,แยกจรัสเมือง ขาเข้า ถ.บรรทัดทอง,edge_banthatthong_charat_in,25200,32400,เร่งด่วนเช้า,รถแท็กซี่,0.232,ประเมินเพื่อจำลอง_SUMO
PTW-16,แยกจรัสเมือง ขาเข้า ถ.บรรทัดทอง,edge_banthatthong_charat_in,25200,32400,เร่งด่วนเช้า,รถตู้,0.063,ประเมินเพื่อจำลอง_SUMO
PTW-16,แยกจรัสเมือง ขาเข้า ถ.บรรทัดทอง,edge_banthatthong_charat_in,25200,32400,เร่งด่วนเช้า,รถโดยสารขนาดเล็ก,0.042,ประเมินเพื่อจำลอง_SUMO
PTW-16,แยกจรัสเมือง ขาเข้า ถ.บรรทัดทอง,edge_banthatthong_charat_in,25200,32400,เร่งด่วนเช้า,รถโดยสารขนาดใหญ่,0.063,ประเมินเพื่อจำลอง_SUMO
PTW-16,แยกจรัสเมือง ขาเข้า ถ.บรรทัดทอง,edge_banthatthong_charat_in,25200,32400,เร่งด่วนเช้า,รถบรรทุก4ล้อ,0.084,ประเมินเพื่อจำลอง_SUMO
PTW-16,แยกจรัสเมือง ขาเข้า ถ.บรรทัดทอง,edge_banthatthong_charat_in,25200,32400,เร่งด่วนเช้า,รถบรรทุก6ล้อ,0.021,ประเมินเพื่อจำลอง_SUMO
PTW-16,แยกจรัสเมือง ขาเข้า ถ.บรรทัดทอง,edge_banthatthong_charat_in,25200,32400,เร่งด่วนเช้า,รถบรรทุก10ล้อขึ้นไป,0.006,ประเมินเพื่อจำลอง_SUMO
PTW-16,แยกจรัสเมือง ขาเข้า ถ.บรรทัดทอง,edge_banthatthong_charat_in,25200,32400,เร่งด่วนเช้า,รถพ่วง_รถกึ่งพ่วง,0.006,ประเมินเพื่อจำลอง_SUMO
PTW-16,แยกจรัสเมือง ขาเข้า ถ.บรรทัดทอง,edge_banthatthong_charat_in,32400,54000,นอกเวลาเร่งด่วน,รถจักรยาน,0.005,ประเมินเพื่อจำลอง_SUMO
PTW-16,แยกจรัสเมือง ขาเข้า ถ.บรรทัดทอง,edge_banthatthong_charat_in,32400,54000,นอกเวลาเร่งด่วน,รถจักรยานยนต์,0.274,ประเมินเพื่อจำลอง_SUMO
PTW-16,แยกจรัสเมือง ขาเข้า ถ.บรรทัดทอง,edge_banthatthong_charat_in,32400,54000,นอกเวลาเร่งด่วน,รถตุ๊กตุ๊ก_สามล้อ,0.008,ประเมินเพื่อจำลอง_SUMO
PTW-16,แยกจรัสเมือง ขาเข้า ถ.บรรทัดทอง,edge_banthatthong_charat_in,32400,54000,นอกเวลาเร่งด่วน,รถยนต์นั่งส่วนบุคคล,0.422,ประเมินเพื่อจำลอง_SUMO
PTW-16,แยกจรัสเมือง ขาเข้า ถ.บรรทัดทอง,edge_banthatthong_charat_in,32400,54000,นอกเวลาเร่งด่วน,รถแท็กซี่,0.093,ประเมินเพื่อจำลอง_SUMO
PTW-16,แยกจรัสเมือง ขาเข้า ถ.บรรทัดทอง,edge_banthatthong_charat_in,32400,54000,นอกเวลาเร่งด่วน,รถตู้,0.026,ประเมินเพื่อจำลอง_SUMO
PTW-16,แยกจรัสเมือง ขาเข้า ถ.บรรทัดทอง,edge_banthatthong_charat_in,32400,54000,นอกเวลาเร่งด่วน,รถโดยสารขนาดเล็ก,0.016,ประเมินเพื่อจำลอง_SUMO
PTW-16,แยกจรัสเมือง ขาเข้า ถ.บรรทัดทอง,edge_banthatthong_charat_in,32400,54000,นอกเวลาเร่งด่วน,รถโดยสารขนาดใหญ่,0.026,ประเมินเพื่อจำลอง_SUMO
PTW-16,แยกจรัสเมือง ขาเข้า ถ.บรรทัดทอง,edge_banthatthong_charat_in,32400,54000,นอกเวลาเร่งด่วน,รถบรรทุก4ล้อ,0.034,ประเมินเพื่อจำลอง_SUMO
PTW-16,แยกจรัสเมือง ขาเข้า ถ.บรรทัดทอง,edge_banthatthong_charat_in,32400,54000,นอกเวลาเร่งด่วน,รถบรรทุก6ล้อ,0.008,ประเมินเพื่อจำลอง_SUMO
PTW-16,แยกจรัสเมือง ขาเข้า ถ.บรรทัดทอง,edge_banthatthong_charat_in,32400,54000,นอกเวลาเร่งด่วน,รถบรรทุก10ล้อขึ้นไป,0.002,ประเมินเพื่อจำลอง_SUMO
PTW-16,แยกจรัสเมือง ขาเข้า ถ.บรรทัดทอง,edge_banthatthong_charat_in,32400,54000,นอกเวลาเร่งด่วน,รถพ่วง_รถกึ่งพ่วง,0.002,ประเมินเพื่อจำลอง_SUMO
PTW-16,แยกจรัสเมือง ขาเข้า ถ.บรรทัดทอง,edge_banthatthong_charat_in,54000,64800,เร่งด่วนเย็น,รถจักรยาน,0.008,ประเมินเพื่อจำลอง_SUMO
PTW-16,แยกจรัสเมือง ขาเข้า ถ.บรรทัดทอง,edge_banthatthong_charat_in,54000,64800,เร่งด่วนเย็น,รถจักรยานยนต์,0.548,ประเมินเพื่อจำลอง_SUMO
PTW-16,แยกจรัสเมือง ขาเข้า ถ.บรรทัดทอง,edge_banthatthong_charat_in,54000,64800,เร่งด่วนเย็น,รถตุ๊กตุ๊ก_สามล้อ,0.016,ประเมินเพื่อจำลอง_SUMO
PTW-16,แยกจรัสเมือง ขาเข้า ถ.บรรทัดทอง,edge_banthatthong_charat_in,54000,64800,เร่งด่วนเย็น,รถยนต์นั่งส่วนบุคคล,0.843,ประเมินเพื่อจำลอง_SUMO
PTW-16,แยกจรัสเมือง ขาเข้า ถ.บรรทัดทอง,edge_banthatthong_charat_in,54000,64800,เร่งด่วนเย็น,รถแท็กซี่,0.185,ประเมินเพื่อจำลอง_SUMO
PTW-16,แยกจรัสเมือง ขาเข้า ถ.บรรทัดทอง,edge_banthatthong_charat_in,54000,64800,เร่งด่วนเย็น,รถตู้,0.05,ประเมินเพื่อจำลอง_SUMO
PTW-16,แยกจรัสเมือง ขาเข้า ถ.บรรทัดทอง,edge_banthatthong_charat_in,54000,64800,เร่งด่วนเย็น,รถโดยสารขนาดเล็ก,0.034,ประเมินเพื่อจำลอง_SUMO
PTW-16,แยกจรัสเมือง ขาเข้า ถ.บรรทัดทอง,edge_banthatthong_charat_in,54000,64800,เร่งด่วนเย็น,รถโดยสารขนาดใหญ่,0.05,ประเมินเพื่อจำลอง_SUMO
PTW-16,แยกจรัสเมือง ขาเข้า ถ.บรรทัดทอง,edge_banthatthong_charat_in,54000,64800,เร่งด่วนเย็น,รถบรรทุก4ล้อ,0.068,ประเมินเพื่อจำลอง_SUMO
PTW-16,แยกจรัสเมือง ขาเข้า ถ.บรรทัดทอง,edge_banthatthong_charat_in,54000,64800,เร่งด่วนเย็น,รถบรรทุก6ล้อ,0.016,ประเมินเพื่อจำลอง_SUMO
PTW-16,แยกจรัสเมือง ขาเข้า ถ.บรรทัดทอง,edge_banthatthong_charat_in,54000,64800,เร่งด่วนเย็น,รถบรรทุก10ล้อขึ้นไป,0.005,ประเมินเพื่อจำลอง_SUMO
PTW-16,แยกจรัสเมือง ขาเข้า ถ.บรรทัดทอง,edge_banthatthong_charat_in,54000,64800,เร่งด่วนเย็น,รถพ่วง_รถกึ่งพ่วง,0.005,ประเมินเพื่อจำลอง_SUMO
