ลำดับที่,ปีที่สำรวจ,จุดสำรวจ,ถนน,ทิศทาง,รายการสำรวจ, ปริมาณจราจร (คัน/วัน) , ปริมาณจราจร (PCU/ชั่วโมง) 
1,2564,MB 01,ทางหลวงแผ่นดินหมายเลข 32,ขาเข้า,ปริมาณจราจรเฉลี่ยทั้งวัน AADT,"29,308","39,231"
2,2564,MB 01,ทางหลวงแผ่นดินหมายเลข 32,ขาเข้า,ปริมาณจราจรในชั่วโมงเร่งด่วน เช้า ,"1,379","1,793"
3,2564,MB 01,ทางหลวงแผ่นดินหมายเลข 32,ขาเข้า,ปริมาณจราจรในชั่วโมงเร่งด่วน กลางวัน ,"1,909","2,325"
4,2564,MB 01,ทางหลวงแผ่นดินหมายเลข 32,ขาเข้า,ปริมาณจราจรในชั่วโมงเร่งด่วน เย็น ,"2,251","2,756"
5,2564,MB 01,ทางหลวงแผ่นดินหมายเลข 32,ขาเข้า,ปริมาณจราจรชั่วโมงสูงสุด ,"2,251","2,756"
6,2564,MB 01,ทางหลวงแผ่นดินหมายเลข 32,ขาออก,ปริมาณจราจรเฉลี่ยทั้งวัน AADT ,"30,249","40,106"
7,2564,MB 01,ทางหลวงแผ่นดินหมายเลข 32,ขาออก,ปริมาณจราจรในชั่วโมงเร่งด่วน เช้า ,"1,724","2,017"
8,2564,MB 01,ทางหลวงแผ่นดินหมายเลข 32,ขาออก,ปริมาณจราจรในชั่วโมงเร่งด่วน กลางวัน ,"2,028","2,567"
9,2564,MB 01,ทางหลวงแผ่นดินหมายเลข 32,ขาออก,ปริมาณจราจรในชั่วโมงเร่งด่วน เย็น ,"1,896","2,352"
10,2564,MB 01,ทางหลวงแผ่นดินหมายเลข 32,ขาออก,ปริมาณจราจรชั่วโมงสูงสุด ,"2,028","2,567"
11,2564,MB 02,ทางหลวงแผ่นดินหมายเลข 33,ขาเข้า,ปริมาณจราจรเฉลี่ยทั้งวัน AADT ,"5,018","6,550"
12,2564,MB 02,ทางหลวงแผ่นดินหมายเลข 33,ขาเข้า,ปริมาณจราจรในชั่วโมงเร่งด่วน เช้า ,341,425
13,2564,MB 02,ทางหลวงแผ่นดินหมายเลข 33,ขาเข้า,ปริมาณจราจรในชั่วโมงเร่งด่วน กลางวัน ,339,459
14,2564,MB 02,ทางหลวงแผ่นดินหมายเลข 33,ขาเข้า,ปริมาณจราจรในชั่วโมงเร่งด่วน เย็น ,370,429
15,2564,MB 02,ทางหลวงแผ่นดินหมายเลข 33,ขาเข้า,ปริมาณจราจรชั่วโมงสูงสุด ,370,462
16,2564,MB 02,ทางหลวงแผ่นดินหมายเลข 33,ขาออก,ปริมาณจราจรเฉลี่ยทั้งวัน AADT ,"3,345","4,198"
17,2564,MB 02,ทางหลวงแผ่นดินหมายเลข 33,ขาออก,ปริมาณจราจรในชั่วโมงเร่งด่วน เช้า ,324,405
18,2564,MB 02,ทางหลวงแผ่นดินหมายเลข 33,ขาออก,ปริมาณจราจรในชั่วโมงเร่งด่วน กลางวัน ,358,477
19,2564,MB 02,ทางหลวงแผ่นดินหมายเลข 33,ขาออก,ปริมาณจราจรในชั่วโมงเร่งด่วน เย็น ,428,500
20,2564,MB 02,ทางหลวงแผ่นดินหมายเลข 33,ขาออก,ปริมาณจราจรชั่วโมงสูงสุด ,428,500
21,2564,MB 03,ทางหลวงแผ่นดินหมายเลข 347,ขาเข้า,ปริมาณจราจรเฉลี่ยทั้งวัน AADT ,"16,278","20,980"
22,2564,MB 03,ทางหลวงแผ่นดินหมายเลข 347,ขาเข้า,ปริมาณจราจรในชั่วโมงเร่งด่วน เช้า ,"1,160","1,434"
23,2564,MB 03,ทางหลวงแผ่นดินหมายเลข 347,ขาเข้า,ปริมาณจราจรในชั่วโมงเร่งด่วน กลางวัน ,940,"1,243"
24,2564,MB 03,ทางหลวงแผ่นดินหมายเลข 347,ขาเข้า,ปริมาณจราจรในชั่วโมงเร่งด่วน เย็น ,"1,215","1,467"
25,2564,MB 03,ทางหลวงแผ่นดินหมายเลข 347,ขาเข้า,ปริมาณจราจรชั่วโมงสูงสุด ,"1,215","1,467"
26,2564,MB 03,ทางหลวงแผ่นดินหมายเลข 347,ขาออก,ปริมาณจราจรเฉลี่ยทั้งวัน AADT ,"10,521","13,437"
27,2564,MB 03,ทางหลวงแผ่นดินหมายเลข 347,ขาออก,ปริมาณจราจรในชั่วโมงเร่งด่วน เช้า ,"1,100","1,428"
28,2564,MB 03,ทางหลวงแผ่นดินหมายเลข 347,ขาออก,ปริมาณจราจรในชั่วโมงเร่งด่วน กลางวัน ,"1,208","1,572"
29,2564,MB 03,ทางหลวงแผ่นดินหมายเลข 347,ขาออก,ปริมาณจราจรในชั่วโมงเร่งด่วน เย็น ,"1,100","1,366"
30,2564,MB 03,ทางหลวงแผ่นดินหมายเลข 347,ขาออก,ปริมาณจราจรชั่วโมงสูงสุด ,"1,208","1,572"
31,2564,MB 04,ทางหลวงแผ่นดินหมายเลข 32,ขาเข้า,ปริมาณจราจรเฉลี่ยทั้งวัน AADT ,"58,315","68,992"
32,2564,MB 04,ทางหลวงแผ่นดินหมายเลข 32,ขาเข้า,ปริมาณจราจรในชั่วโมงเร่งด่วน เช้า ,"5,395","5,266"
33,2564,MB 04,ทางหลวงแผ่นดินหมายเลข 32,ขาเข้า,ปริมาณจราจรในชั่วโมงเร่งด่วน กลางวัน ,"3,334","3,896"
34,2564,MB 04,ทางหลวงแผ่นดินหมายเลข 32,ขาเข้า,ปริมาณจราจรในชั่วโมงเร่งด่วน เย็น ,"4,335","4,757"
35,2564,MB 04,ทางหลวงแผ่นดินหมายเลข 32,ขาเข้า,ปริมาณจราจรชั่วโมงสูงสุด ,"5,395","5,266"
36,2564,MB 04,ทางหลวงแผ่นดินหมายเลข 32,ขาออก,ปริมาณจราจรเฉลี่ยทั้งวัน AADT ,"36,610","42,396"
37,2564,MB 04,ทางหลวงแผ่นดินหมายเลข 32,ขาออก,ปริมาณจราจรในชั่วโมงเร่งด่วน เช้า ,"3,973","4,281"
38,2564,MB 04,ทางหลวงแผ่นดินหมายเลข 32,ขาออก,ปริมาณจราจรในชั่วโมงเร่งด่วน กลางวัน ,"3,617","4,239"
39,2564,MB 04,ทางหลวงแผ่นดินหมายเลข 32,ขาออก,ปริมาณจราจรในชั่วโมงเร่งด่วน เย็น ,"5,210","5,468"
40,2564,MB 04,ทางหลวงแผ่นดินหมายเลข 32,ขาออก,ปริมาณจราจรชั่วโมงสูงสุด ,"5,210","5,468"
41,2564,MB 05,ทางหลวงแผ่นดินหมายเลข 1,ขาเข้า,ปริมาณจราจรเฉลี่ยทั้งวัน AADT ,"64,804","79,537"
42,2564,MB 05,ทางหลวงแผ่นดินหมายเลข 1,ขาเข้า,ปริมาณจราจรในชั่วโมงเร่งด่วน เช้า ,"4,545","5,089"
43,2564,MB 05,ทางหลวงแผ่นดินหมายเลข 1,ขาเข้า,ปริมาณจราจรในชั่วโมงเร่งด่วน กลางวัน ,"3,937","4,934"
44,2564,MB 05,ทางหลวงแผ่นดินหมายเลข 1,ขาเข้า,ปริมาณจราจรในชั่วโมงเร่งด่วน เย็น ,"4,458","5,285"
45,2564,MB 05,ทางหลวงแผ่นดินหมายเลข 1,ขาเข้า,ปริมาณจราจรชั่วโมงสูงสุด ,"4,545","5,502"
46,2564,MB 05,ทางหลวงแผ่นดินหมายเลข 1,ขาออก,ปริมาณจราจรเฉลี่ยทั้งวัน AADT ,"38,597","47,300"
47,2564,MB 05,ทางหลวงแผ่นดินหมายเลข 1,ขาออก,ปริมาณจราจรในชั่วโมงเร่งด่วน เช้า ,"3,758","4,566"
48,2564,MB 05,ทางหลวงแผ่นดินหมายเลข 1,ขาออก,ปริมาณจราจรในชั่วโมงเร่งด่วน กลางวัน ,"4,711","5,683"
49,2564,MB 05,ทางหลวงแผ่นดินหมายเลข 1,ขาออก,ปริมาณจราจรในชั่วโมงเร่งด่วน เย็น ,"4,097","4,937"
50,2564,MB 05,ทางหลวงแผ่นดินหมายเลข 1,ขาออก,ปริมาณจราจรชั่วโมงสูงสุด ,"4,711","5,683"
51,2564,MB 06,ทางหลวงแผ่นดินหมายเลข 4,ขาเข้า,ปริมาณจราจรเฉลี่ยทั้งวัน AADT ,"49,903","55,364"
52,2564,MB 06,ทางหลวงแผ่นดินหมายเลข 4,ขาเข้า,ปริมาณจราจรในชั่วโมงเร่งด่วน เช้า ,"3,183","3,152"
53,2564,MB 06,ทางหลวงแผ่นดินหมายเลข 4,ขาเข้า,ปริมาณจราจรในชั่วโมงเร่งด่วน กลางวัน ,"3,496","3,685"
54,2564,MB 06,ทางหลวงแผ่นดินหมายเลข 4,ขาเข้า,ปริมาณจราจรในชั่วโมงเร่งด่วน เย็น ,"3,904","3,952"
55,2564,MB 06,ทางหลวงแผ่นดินหมายเลข 4,ขาเข้า,ปริมาณจราจรชั่วโมงสูงสุด ,"3,904","3,952"
56,2564,MB 06,ทางหลวงแผ่นดินหมายเลข 4,ขาออก,ปริมาณจราจรเฉลี่ยทั้งวัน AADT ,"24,543","26,011"
57,2564,MB 06,ทางหลวงแผ่นดินหมายเลข 4,ขาออก,ปริมาณจราจรในชั่วโมงเร่งด่วน เช้า ,"1,999","2,106"
58,2564,MB 06,ทางหลวงแผ่นดินหมายเลข 4,ขาออก,ปริมาณจราจรในชั่วโมงเร่งด่วน กลางวัน ,"2,665","2,787"
59,2564,MB 06,ทางหลวงแผ่นดินหมายเลข 4,ขาออก,ปริมาณจราจรในชั่วโมงเร่งด่วน เย็น ,"2,429","2,436"
60,2564,MB 06,ทางหลวงแผ่นดินหมายเลข 4,ขาออก,ปริมาณจราจรชั่วโมงสูงสุด ,"4,376","4,478"
61,2564,MB 07,ทางหลวงแผ่นดินหมายเลข 35,ขาเข้า,ปริมาณจราจรเฉลี่ยทั้งวัน AADT ,"44,127","55,720"
62,2564,MB 07,ทางหลวงแผ่นดินหมายเลข 35,ขาเข้า,ปริมาณจราจรในชั่วโมงเร่งด่วน เช้า ,"3,578","3,727"
63,2564,MB 07,ทางหลวงแผ่นดินหมายเลข 35,ขาเข้า,ปริมาณจราจรในชั่วโมงเร่งด่วน กลางวัน ,"2,824","3,369"
64,2564,MB 07,ทางหลวงแผ่นดินหมายเลข 35,ขาเข้า,ปริมาณจราจรในชั่วโมงเร่งด่วน เย็น ,"3,444","3,794"
65,2564,MB 07,ทางหลวงแผ่นดินหมายเลข 35,ขาเข้า,ปริมาณจราจรชั่วโมงสูงสุด ,"3,578","3,794"
66,2564,MB 07,ทางหลวงแผ่นดินหมายเลข 35,ขาออก,ปริมาณจราจรเฉลี่ยทั้งวัน AADT ,"47,678","62,442"
67,2564,MB 07,ทางหลวงแผ่นดินหมายเลข 35,ขาออก,ปริมาณจราจรในชั่วโมงเร่งด่วน เช้า ,"3,015","3,536"
68,2564,MB 07,ทางหลวงแผ่นดินหมายเลข 35,ขาออก,ปริมาณจราจรในชั่วโมงเร่งด่วน กลางวัน ,"3,141","3,832"
69,2564,MB 07,ทางหลวงแผ่นดินหมายเลข 35,ขาออก,ปริมาณจราจรในชั่วโมงเร่งด่วน เย็น ,"2,992","3,587"
70,2564,MB 07,ทางหลวงแผ่นดินหมายเลข 35,ขาออก,ปริมาณจราจรชั่วโมงสูงสุด ,"3,268","3,952"
71,2564,MB 08,ทางหลวงแผ่นดินหมายเลข 3,ขาเข้า,ปริมาณจราจรเฉลี่ยทั้งวัน AADT ,"17,156","21,856"
72,2564,MB 08,ทางหลวงแผ่นดินหมายเลข 3,ขาเข้า,ปริมาณจราจรในชั่วโมงเร่งด่วน เช้า ,"1,512","1,401"
73,2564,MB 08,ทางหลวงแผ่นดินหมายเลข 3,ขาเข้า,ปริมาณจราจรในชั่วโมงเร่งด่วน กลางวัน ,"1,259","1,394"
74,2564,MB 08,ทางหลวงแผ่นดินหมายเลข 3,ขาเข้า,ปริมาณจราจรในชั่วโมงเร่งด่วน เย็น ,"1,901","1,706"
75,2564,MB 08,ทางหลวงแผ่นดินหมายเลข 3,ขาเข้า,ปริมาณจราจรชั่วโมงสูงสุด ,"1,901","1,706"
76,2564,MB 08,ทางหลวงแผ่นดินหมายเลข 3,ขาออก,ปริมาณจราจรเฉลี่ยทั้งวัน AADT ,"11,733","14,579"
77,2564,MB 08,ทางหลวงแผ่นดินหมายเลข 3,ขาออก,ปริมาณจราจรในชั่วโมงเร่งด่วน เช้า ,"1,770","1,763"
78,2564,MB 08,ทางหลวงแผ่นดินหมายเลข 3,ขาออก,ปริมาณจราจรในชั่วโมงเร่งด่วน กลางวัน ,"1,480","1,731"
79,2564,MB 08,ทางหลวงแผ่นดินหมายเลข 3,ขาออก,ปริมาณจราจรในชั่วโมงเร่งด่วน เย็น ,"1,892","1,628"
80,2564,MB 08,ทางหลวงแผ่นดินหมายเลข 3,ขาออก,ปริมาณจราจรชั่วโมงสูงสุด ,"1,892","1,902"
81,2564,MB 09,ทางหลวงแผ่นดินหมายเลข 34,ขาเข้า,ปริมาณจราจรเฉลี่ยทั้งวัน AADT ,"55,099","74,063"
82,2564,MB 09,ทางหลวงแผ่นดินหมายเลข 34,ขาเข้า,ปริมาณจราจรในชั่วโมงเร่งด่วน เช้า ,"4,414","5,054"
83,2564,MB 09,ทางหลวงแผ่นดินหมายเลข 34,ขาเข้า,ปริมาณจราจรในชั่วโมงเร่งด่วน กลางวัน ,"3,673","5,852"
84,2564,MB 09,ทางหลวงแผ่นดินหมายเลข 34,ขาเข้า,ปริมาณจราจรในชั่วโมงเร่งด่วน เย็น ,"4,736","5,294"
85,2564,MB 09,ทางหลวงแผ่นดินหมายเลข 34,ขาเข้า,ปริมาณจราจรชั่วโมงสูงสุด ,"4,736","5,852"
86,2564,MB 09,ทางหลวงแผ่นดินหมายเลข 34,ขาออก,ปริมาณจราจรเฉลี่ยทั้งวัน AADT ,"29,110","39,410"
87,2564,MB 09,ทางหลวงแผ่นดินหมายเลข 34,ขาออก,ปริมาณจราจรในชั่วโมงเร่งด่วน เช้า ,"4,417","4,395"
88,2564,MB 09,ทางหลวงแผ่นดินหมายเลข 34,ขาออก,ปริมาณจราจรในชั่วโมงเร่งด่วน กลางวัน ,"3,210","4,632"
89,2564,MB 09,ทางหลวงแผ่นดินหมายเลข 34,ขาออก,ปริมาณจราจรในชั่วโมงเร่งด่วน เย็น ,"3,377","4,167"
90,2564,MB 09,ทางหลวงแผ่นดินหมายเลข 34,ขาออก,ปริมาณจราจรชั่วโมงสูงสุด ,"4,417","4,989"
91,2564,MB 10,ทางหลวงแผ่นดินหมายเลข 7,ขาเข้า,ปริมาณจราจรเฉลี่ยทั้งวัน AADT ,"45,136","50,263"
92,2564,MB 10,ทางหลวงแผ่นดินหมายเลข 7,ขาเข้า,ปริมาณจราจรในชั่วโมงเร่งด่วน เช้า ,"2,455","2,892"
93,2564,MB 10,ทางหลวงแผ่นดินหมายเลข 7,ขาเข้า,ปริมาณจราจรในชั่วโมงเร่งด่วน กลางวัน ,"2,838","3,352"
94,2564,MB 10,ทางหลวงแผ่นดินหมายเลข 7,ขาเข้า,ปริมาณจราจรในชั่วโมงเร่งด่วน เย็น ,"3,619","4,147"
95,2564,MB 10,ทางหลวงแผ่นดินหมายเลข 7,ขาเข้า,ปริมาณจราจรชั่วโมงสูงสุด ,"3,619","4,147"
96,2564,MB 10,ทางหลวงแผ่นดินหมายเลข 7,ขาออก,ปริมาณจราจรเฉลี่ยทั้งวัน AADT ,"30,666","34,390"
97,2564,MB 10,ทางหลวงแผ่นดินหมายเลข 7,ขาออก,ปริมาณจราจรในชั่วโมงเร่งด่วน เช้า ,"3,438","3,798"
98,2564,MB 10,ทางหลวงแผ่นดินหมายเลข 7,ขาออก,ปริมาณจราจรในชั่วโมงเร่งด่วน กลางวัน ,"3,713","4,444"
99,2564,MB 10,ทางหลวงแผ่นดินหมายเลข 7,ขาออก,ปริมาณจราจรในชั่วโมงเร่งด่วน เย็น ,"2,531","2,960"
100,2564,MB 10,ทางหลวงแผ่นดินหมายเลข 7,ขาออก,ปริมาณจราจรชั่วโมงสูงสุด ,"3,713","4,444"
101,2564,MB 11,ทางหลวงแผ่นดินหมายเลข 33,ขาเข้า,ปริมาณจราจรเฉลี่ยทั้งวัน AADT ,"3,735","4,394"
102,2564,MB 11,ทางหลวงแผ่นดินหมายเลข 33,ขาเข้า,ปริมาณจราจรในชั่วโมงเร่งด่วน เช้า ,280,297
103,2564,MB 11,ทางหลวงแผ่นดินหมายเลข 33,ขาเข้า,ปริมาณจราจรในชั่วโมงเร่งด่วน กลางวัน ,292,304
104,2564,MB 11,ทางหลวงแผ่นดินหมายเลข 33,ขาเข้า,ปริมาณจราจรในชั่วโมงเร่งด่วน เย็น ,325,314
105,2564,MB 11,ทางหลวงแผ่นดินหมายเลข 33,ขาเข้า,ปริมาณจราจรชั่วโมงสูงสุด ,325,314
106,2564,MB 11,ทางหลวงแผ่นดินหมายเลข 33,ขาออก,ปริมาณจราจรเฉลี่ยทั้งวัน AADT ,"2,366","2,747"
107,2564,MB 11,ทางหลวงแผ่นดินหมายเลข 33,ขาออก,ปริมาณจราจรในชั่วโมงเร่งด่วน เช้า ,276,293
108,2564,MB 11,ทางหลวงแผ่นดินหมายเลข 33,ขาออก,ปริมาณจราจรในชั่วโมงเร่งด่วน กลางวัน ,294,307
109,2564,MB 11,ทางหลวงแผ่นดินหมายเลข 33,ขาออก,ปริมาณจราจรในชั่วโมงเร่งด่วน เย็น ,320,336
110,2564,MB 11,ทางหลวงแผ่นดินหมายเลข 33,ขาออก,ปริมาณจราจรชั่วโมงสูงสุด ,320,336
111,2564,MB 12,ทางหลวงแผ่นดินหมายเลข 304,ขาเข้า,ปริมาณจราจรเฉลี่ยทั้งวัน AADT ,"20,706","28,003"
112,2564,MB 12,ทางหลวงแผ่นดินหมายเลข 304,ขาเข้า,ปริมาณจราจรในชั่วโมงเร่งด่วน เช้า ,"1,212","1,733"
113,2564,MB 12,ทางหลวงแผ่นดินหมายเลข 304,ขาเข้า,ปริมาณจราจรในชั่วโมงเร่งด่วน กลางวัน ,"1,372","1,957"
114,2564,MB 12,ทางหลวงแผ่นดินหมายเลข 304,ขาเข้า,ปริมาณจราจรในชั่วโมงเร่งด่วน เย็น ,"1,620","2,089"
115,2564,MB 12,ทางหลวงแผ่นดินหมายเลข 304,ขาเข้า,ปริมาณจราจรชั่วโมงสูงสุด ,"1,620","2,089"
116,2564,MB 12,ทางหลวงแผ่นดินหมายเลข 304,ขาออก,ปริมาณจราจรเฉลี่ยทั้งวัน AADT ,"12,750","17,187"
117,2564,MB 12,ทางหลวงแผ่นดินหมายเลข 304,ขาออก,ปริมาณจราจรในชั่วโมงเร่งด่วน เช้า ,"1,405","1,818"
118,2564,MB 12,ทางหลวงแผ่นดินหมายเลข 304,ขาออก,ปริมาณจราจรในชั่วโมงเร่งด่วน กลางวัน ,"1,448","2,071"
119,2564,MB 12,ทางหลวงแผ่นดินหมายเลข 304,ขาออก,ปริมาณจราจรในชั่วโมงเร่งด่วน เย็น ,"1,465","1,879"
120,2564,MB 12,ทางหลวงแผ่นดินหมายเลข 304,ขาออก,ปริมาณจราจรชั่วโมงสูงสุด ,"1,465","2,071"
121,2564,MB 13,ทางหลวงแผ่นดินหมายเลข 3,ขาเข้า,ปริมาณจราจรเฉลี่ยทั้งวัน AADT ,"13,597","16,317"
122,2564,MB 13,ทางหลวงแผ่นดินหมายเลข 3,ขาเข้า,ปริมาณจราจรในชั่วโมงเร่งด่วน เช้า ,728,859
123,2564,MB 13,ทางหลวงแผ่นดินหมายเลข 3,ขาเข้า,ปริมาณจราจรในชั่วโมงเร่งด่วน กลางวัน ,966,"1,117"
124,2564,MB 13,ทางหลวงแผ่นดินหมายเลข 3,ขาเข้า,ปริมาณจราจรในชั่วโมงเร่งด่วน เย็น ,"1,051","1,156"
125,2564,MB 13,ทางหลวงแผ่นดินหมายเลข 3,ขาเข้า,ปริมาณจราจรชั่วโมงสูงสุด ,"1,069","1,220"
126,2564,MB 13,ทางหลวงแผ่นดินหมายเลข 3,ขาออก,ปริมาณจราจรเฉลี่ยทั้งวัน AADT ,"8,608","9,969"
127,2564,MB 13,ทางหลวงแผ่นดินหมายเลข 3,ขาออก,ปริมาณจราจรในชั่วโมงเร่งด่วน เช้า ,920,"1,060"
128,2564,MB 13,ทางหลวงแผ่นดินหมายเลข 3,ขาออก,ปริมาณจราจรในชั่วโมงเร่งด่วน กลางวัน ,984,"1,136"
129,2564,MB 13,ทางหลวงแผ่นดินหมายเลข 3,ขาออก,ปริมาณจราจรในชั่วโมงเร่งด่วน เย็น ,918,"1,007"
130,2564,MB 13,ทางหลวงแผ่นดินหมายเลข 3,ขาออก,ปริมาณจราจรชั่วโมงสูงสุด ,984,"1,148"
131,2564,MB 14,ทางหลวงแผ่นดินหมายเลข 4,ขาเข้า,ปริมาณจราจรเฉลี่ยทั้งวัน AADT ,"6,362","8,099"
132,2564,MB 14,ทางหลวงแผ่นดินหมายเลข 4,ขาเข้า,ปริมาณจราจรในชั่วโมงเร่งด่วน เช้า ,484,475
133,2564,MB 14,ทางหลวงแผ่นดินหมายเลข 4,ขาเข้า,ปริมาณจราจรในชั่วโมงเร่งด่วน กลางวัน ,451,501
134,2564,MB 14,ทางหลวงแผ่นดินหมายเลข 4,ขาเข้า,ปริมาณจราจรในชั่วโมงเร่งด่วน เย็น ,419,490
135,2564,MB 14,ทางหลวงแผ่นดินหมายเลข 4,ขาเข้า,ปริมาณจราจรชั่วโมงสูงสุด ,597,664
136,2564,MB 14,ทางหลวงแผ่นดินหมายเลข 4,ขาออก,ปริมาณจราจรเฉลี่ยทั้งวัน AADT ,"5,504","6,101"
137,2564,MB 14,ทางหลวงแผ่นดินหมายเลข 4,ขาออก,ปริมาณจราจรในชั่วโมงเร่งด่วน เช้า ,541,592
138,2564,MB 14,ทางหลวงแผ่นดินหมายเลข 4,ขาออก,ปริมาณจราจรในชั่วโมงเร่งด่วน กลางวัน ,675,698
139,2564,MB 14,ทางหลวงแผ่นดินหมายเลข 4,ขาออก,ปริมาณจราจรในชั่วโมงเร่งด่วน เย็น ,730,713
140,2564,MB 14,ทางหลวงแผ่นดินหมายเลข 4,ขาออก,ปริมาณจราจรชั่วโมงสูงสุด ,730,713
141,2564,MB 15,ทางหลวงแผ่นดินหมายเลข 41,ขาเข้า,ปริมาณจราจรเฉลี่ยทั้งวัน AADT ,"11,826","13,715"
142,2564,MB 15,ทางหลวงแผ่นดินหมายเลข 41,ขาเข้า,ปริมาณจราจรในชั่วโมงเร่งด่วน เช้า ,762,772
143,2564,MB 15,ทางหลวงแผ่นดินหมายเลข 41,ขาเข้า,ปริมาณจราจรในชั่วโมงเร่งด่วน กลางวัน ,916,993
144,2564,MB 15,ทางหลวงแผ่นดินหมายเลข 41,ขาเข้า,ปริมาณจราจรในชั่วโมงเร่งด่วน เย็น ,833,896
145,2564,MB 15,ทางหลวงแผ่นดินหมายเลข 41,ขาเข้า,ปริมาณจราจรชั่วโมงสูงสุด ,931,"1,013"
146,2564,MB 15,ทางหลวงแผ่นดินหมายเลข 41,ขาออก,ปริมาณจราจรเฉลี่ยทั้งวัน AADT ,"6,966","7,737"
147,2564,MB 15,ทางหลวงแผ่นดินหมายเลข 41,ขาออก,ปริมาณจราจรในชั่วโมงเร่งด่วน เช้า ,693,754
148,2564,MB 15,ทางหลวงแผ่นดินหมายเลข 41,ขาออก,ปริมาณจราจรในชั่วโมงเร่งด่วน กลางวัน ,916,962
149,2564,MB 15,ทางหลวงแผ่นดินหมายเลข 41,ขาออก,ปริมาณจราจรในชั่วโมงเร่งด่วน เย็น ,658,677
150,2564,MB 15,ทางหลวงแผ่นดินหมายเลข 41,ขาออก,ปริมาณจราจรชั่วโมงสูงสุด ,916,962
151,2564,MB 16,ทางหลวงแผ่นดินหมายเลข 4,ขาเข้า,ปริมาณจราจรเฉลี่ยทั้งวัน AADT ,"1,473","1,812"
152,2564,MB 16,ทางหลวงแผ่นดินหมายเลข 4,ขาเข้า,ปริมาณจราจรในชั่วโมงเร่งด่วน เช้า ,117,79
153,2564,MB 16,ทางหลวงแผ่นดินหมายเลข 4,ขาเข้า,ปริมาณจราจรในชั่วโมงเร่งด่วน กลางวัน ,135,145
154,2564,MB 16,ทางหลวงแผ่นดินหมายเลข 4,ขาเข้า,ปริมาณจราจรในชั่วโมงเร่งด่วน เย็น ,167,179
155,2564,MB 16,ทางหลวงแผ่นดินหมายเลข 4,ขาเข้า,ปริมาณจราจรชั่วโมงสูงสุด ,167,179
156,2564,MB 16,ทางหลวงแผ่นดินหมายเลข 4,ขาออก,ปริมาณจราจรเฉลี่ยทั้งวัน AADT ,"1,551","1,712"
157,2564,MB 16,ทางหลวงแผ่นดินหมายเลข 4,ขาออก,ปริมาณจราจรในชั่วโมงเร่งด่วน เช้า ,221,212
158,2564,MB 16,ทางหลวงแผ่นดินหมายเลข 4,ขาออก,ปริมาณจราจรในชั่วโมงเร่งด่วน กลางวัน ,195,191
159,2564,MB 16,ทางหลวงแผ่นดินหมายเลข 4,ขาออก,ปริมาณจราจรในชั่วโมงเร่งด่วน เย็น ,212,200
160,2564,MB 16,ทางหลวงแผ่นดินหมายเลข 4,ขาออก,ปริมาณจราจรชั่วโมงสูงสุด ,221,212
161,2564,MB 17,ทางหลวงแผ่นดินหมายเลข 41,ขาเข้า,ปริมาณจราจรเฉลี่ยทั้งวัน AADT ,"9,500","11,644"
162,2564,MB 17,ทางหลวงแผ่นดินหมายเลข 41,ขาเข้า,ปริมาณจราจรในชั่วโมงเร่งด่วน เช้า ,726,666
163,2564,MB 17,ทางหลวงแผ่นดินหมายเลข 41,ขาเข้า,ปริมาณจราจรในชั่วโมงเร่งด่วน กลางวัน ,698,807
164,2564,MB 17,ทางหลวงแผ่นดินหมายเลข 41,ขาเข้า,ปริมาณจราจรในชั่วโมงเร่งด่วน เย็น ,666,758
165,2564,MB 17,ทางหลวงแผ่นดินหมายเลข 41,ขาเข้า,ปริมาณจราจรชั่วโมงสูงสุด ,726,807
166,2564,MB 17,ทางหลวงแผ่นดินหมายเลข 41,ขาออก,ปริมาณจราจรเฉลี่ยทั้งวัน AADT ,"8,300","9,502"
167,2564,MB 17,ทางหลวงแผ่นดินหมายเลข 41,ขาออก,ปริมาณจราจรในชั่วโมงเร่งด่วน เช้า ,691,777
168,2564,MB 17,ทางหลวงแผ่นดินหมายเลข 41,ขาออก,ปริมาณจราจรในชั่วโมงเร่งด่วน กลางวัน ,969,"1,065"
169,2564,MB 17,ทางหลวงแผ่นดินหมายเลข 41,ขาออก,ปริมาณจราจรในชั่วโมงเร่งด่วน เย็น ,"1,187","1,197"
170,2564,MB 17,ทางหลวงแผ่นดินหมายเลข 41,ขาออก,ปริมาณจราจรชั่วโมงสูงสุด ,"1,187","1,197"
171,2564,MB 18,ทางหลวงแผ่นดินหมายเลข 4,ขาเข้า,ปริมาณจราจรเฉลี่ยทั้งวัน AADT ,"4,580","4,654"
172,2564,MB 18,ทางหลวงแผ่นดินหมายเลข 4,ขาเข้า,ปริมาณจราจรในชั่วโมงเร่งด่วน เช้า ,398,302
173,2564,MB 18,ทางหลวงแผ่นดินหมายเลข 4,ขาเข้า,ปริมาณจราจรในชั่วโมงเร่งด่วน กลางวัน ,548,471
174,2564,MB 18,ทางหลวงแผ่นดินหมายเลข 4,ขาเข้า,ปริมาณจราจรในชั่วโมงเร่งด่วน เย็น ,702,476
175,2564,MB 18,ทางหลวงแผ่นดินหมายเลข 4,ขาเข้า,ปริมาณจราจรชั่วโมงสูงสุด ,702,476
176,2564,MB 18,ทางหลวงแผ่นดินหมายเลข 4,ขาออก,ปริมาณจราจรเฉลี่ยทั้งวัน AADT ,"3,639","3,703"
177,2564,MB 18,ทางหลวงแผ่นดินหมายเลข 4,ขาออก,ปริมาณจราจรในชั่วโมงเร่งด่วน เช้า ,526,410
178,2564,MB 18,ทางหลวงแผ่นดินหมายเลข 4,ขาออก,ปริมาณจราจรในชั่วโมงเร่งด่วน กลางวัน ,533,443
179,2564,MB 18,ทางหลวงแผ่นดินหมายเลข 4,ขาออก,ปริมาณจราจรในชั่วโมงเร่งด่วน เย็น ,703,517
180,2564,MB 18,ทางหลวงแผ่นดินหมายเลข 4,ขาออก,ปริมาณจราจรชั่วโมงสูงสุด ,703,517
181,2564,MB 19,ทางหลวงแผ่นดินหมายเลข 43,ขาเข้า,ปริมาณจราจรเฉลี่ยทั้งวัน AADT ,"12,099","12,285"
182,2564,MB 19,ทางหลวงแผ่นดินหมายเลข 43,ขาเข้า,ปริมาณจราจรในชั่วโมงเร่งด่วน เช้า ,928,877
183,2564,MB 19,ทางหลวงแผ่นดินหมายเลข 43,ขาเข้า,ปริมาณจราจรในชั่วโมงเร่งด่วน กลางวัน ,991,950
184,2564,MB 19,ทางหลวงแผ่นดินหมายเลข 43,ขาเข้า,ปริมาณจราจรในชั่วโมงเร่งด่วน เย็น ,972,889
185,2564,MB 19,ทางหลวงแผ่นดินหมายเลข 43,ขาเข้า,ปริมาณจราจรชั่วโมงสูงสุด ,991,950
186,2564,MB 19,ทางหลวงแผ่นดินหมายเลข 43,ขาออก,ปริมาณจราจรเฉลี่ยทั้งวัน AADT ,"9,414","9,881"
187,2564,MB 19,ทางหลวงแผ่นดินหมายเลข 43,ขาออก,ปริมาณจราจรในชั่วโมงเร่งด่วน เช้า ,944,898
188,2564,MB 19,ทางหลวงแผ่นดินหมายเลข 43,ขาออก,ปริมาณจราจรในชั่วโมงเร่งด่วน กลางวัน ,"1,176","1,176"
189,2564,MB 19,ทางหลวงแผ่นดินหมายเลข 43,ขาออก,ปริมาณจราจรในชั่วโมงเร่งด่วน เย็น ,"1,034","1,012"
190,2564,MB 19,ทางหลวงแผ่นดินหมายเลข 43,ขาออก,ปริมาณจราจรชั่วโมงสูงสุด ,"1,176","1,176"
191,2564,MB 20,ทางหลวงแผ่นดินหมายเลข 4,ขาเข้า,ปริมาณจราจรเฉลี่ยทั้งวัน AADT ,"8,894","10,268"
192,2564,MB 20,ทางหลวงแผ่นดินหมายเลข 4,ขาเข้า,ปริมาณจราจรในชั่วโมงเร่งด่วน เช้า ,876,661
193,2564,MB 20,ทางหลวงแผ่นดินหมายเลข 4,ขาเข้า,ปริมาณจราจรในชั่วโมงเร่งด่วน กลางวัน ,700,675
194,2564,MB 20,ทางหลวงแผ่นดินหมายเลข 4,ขาเข้า,ปริมาณจราจรในชั่วโมงเร่งด่วน เย็น ,"1,149",944
195,2564,MB 20,ทางหลวงแผ่นดินหมายเลข 4,ขาเข้า,ปริมาณจราจรชั่วโมงสูงสุด ,"1,149",944
196,2564,MB 20,ทางหลวงแผ่นดินหมายเลข 4,ขาออก,ปริมาณจราจรเฉลี่ยทั้งวัน AADT ,"6,626","7,615"
197,2564,MB 20,ทางหลวงแผ่นดินหมายเลข 4,ขาออก,ปริมาณจราจรในชั่วโมงเร่งด่วน เช้า ,"1,235",988
198,2564,MB 20,ทางหลวงแผ่นดินหมายเลข 4,ขาออก,ปริมาณจราจรในชั่วโมงเร่งด่วน กลางวัน ,822,828
199,2564,MB 20,ทางหลวงแผ่นดินหมายเลข 4,ขาออก,ปริมาณจราจรในชั่วโมงเร่งด่วน เย็น ,828,831
200,2564,MB 20,ทางหลวงแผ่นดินหมายเลข 4,ขาออก,ปริมาณจราจรชั่วโมงสูงสุด ,"1,235",988
201,2564,MB 21,ทางหลวงแผ่นดินหมายเลข 403,ขาเข้า,ปริมาณจราจรเฉลี่ยทั้งวัน AADT ,"8,296","7,124"
202,2564,MB 21,ทางหลวงแผ่นดินหมายเลข 403,ขาเข้า,ปริมาณจราจรในชั่วโมงเร่งด่วน เช้า ,435,376
203,2564,MB 21,ทางหลวงแผ่นดินหมายเลข 403,ขาเข้า,ปริมาณจราจรในชั่วโมงเร่งด่วน กลางวัน ,550,477
204,2564,MB 21,ทางหลวงแผ่นดินหมายเลข 403,ขาเข้า,ปริมาณจราจรในชั่วโมงเร่งด่วน เย็น ,672,602
205,2564,MB 21,ทางหลวงแผ่นดินหมายเลข 403,ขาเข้า,ปริมาณจราจรชั่วโมงสูงสุด ,672,602
206,2564,MB 21,ทางหลวงแผ่นดินหมายเลข 403,ขาออก,ปริมาณจราจรเฉลี่ยทั้งวัน AADT ,"6,498","5,952"
207,2564,MB 21,ทางหลวงแผ่นดินหมายเลข 403,ขาออก,ปริมาณจราจรในชั่วโมงเร่งด่วน เช้า ,576,499
208,2564,MB 21,ทางหลวงแผ่นดินหมายเลข 403,ขาออก,ปริมาณจราจรในชั่วโมงเร่งด่วน กลางวัน ,702,705
209,2564,MB 21,ทางหลวงแผ่นดินหมายเลข 403,ขาออก,ปริมาณจราจรในชั่วโมงเร่งด่วน เย็น ,748,667
210,2564,MB 21,ทางหลวงแผ่นดินหมายเลข 403,ขาออก,ปริมาณจราจรชั่วโมงสูงสุด ,748,705
211,2564,MB 22,ทางหลวงแผ่นดินหมายเลข 4,ขาเข้า,ปริมาณจราจรเฉลี่ยทั้งวัน AADT ,"8,711","11,683"
212,2564,MB 22,ทางหลวงแผ่นดินหมายเลข 4,ขาเข้า,ปริมาณจราจรในชั่วโมงเร่งด่วน เช้า ,350,379
213,2564,MB 22,ทางหลวงแผ่นดินหมายเลข 4,ขาเข้า,ปริมาณจราจรในชั่วโมงเร่งด่วน กลางวัน ,442,475
214,2564,MB 22,ทางหลวงแผ่นดินหมายเลข 4,ขาเข้า,ปริมาณจราจรในชั่วโมงเร่งด่วน เย็น ,707,"1,166"
215,2564,MB 22,ทางหลวงแผ่นดินหมายเลข 4,ขาเข้า,ปริมาณจราจรชั่วโมงสูงสุด ,707,"1,166"
216,2564,MB 22,ทางหลวงแผ่นดินหมายเลข 4,ขาออก,ปริมาณจราจรเฉลี่ยทั้งวัน AADT ,"12,577","18,310"
217,2564,MB 22,ทางหลวงแผ่นดินหมายเลข 4,ขาออก,ปริมาณจราจรในชั่วโมงเร่งด่วน เช้า ,675,922
218,2564,MB 22,ทางหลวงแผ่นดินหมายเลข 4,ขาออก,ปริมาณจราจรในชั่วโมงเร่งด่วน กลางวัน ,736,921
219,2564,MB 22,ทางหลวงแผ่นดินหมายเลข 4,ขาออก,ปริมาณจราจรในชั่วโมงเร่งด่วน เย็น ,719,"1,091"
220,2564,MB 22,ทางหลวงแผ่นดินหมายเลข 4,ขาออก,ปริมาณจราจรชั่วโมงสูงสุด ,760,"1,091"
221,2564,MB 23,ทางหลวงแผ่นดินหมายเลข 35,ขาเข้า,ปริมาณจราจรเฉลี่ยทั้งวัน AADT ,"32,174","41,542"
222,2564,MB 23,ทางหลวงแผ่นดินหมายเลข 35,ขาเข้า,ปริมาณจราจรในชั่วโมงเร่งด่วน เช้า ,"1,949","2,357"
223,2564,MB 23,ทางหลวงแผ่นดินหมายเลข 35,ขาเข้า,ปริมาณจราจรในชั่วโมงเร่งด่วน กลางวัน ,"1,922","2,424"
224,2564,MB 23,ทางหลวงแผ่นดินหมายเลข 35,ขาเข้า,ปริมาณจราจรในชั่วโมงเร่งด่วน เย็น ,"2,239","2,698"
225,2564,MB 23,ทางหลวงแผ่นดินหมายเลข 35,ขาเข้า,ปริมาณจราจรชั่วโมงสูงสุด ,"2,239","2,698"
226,2564,MB 23,ทางหลวงแผ่นดินหมายเลข 35,ขาออก,ปริมาณจราจรเฉลี่ยทั้งวัน AADT ,"17,427","17,766"
227,2564,MB 23,ทางหลวงแผ่นดินหมายเลข 35,ขาออก,ปริมาณจราจรในชั่วโมงเร่งด่วน เช้า ,"1,491","1,489"
228,2564,MB 23,ทางหลวงแผ่นดินหมายเลข 35,ขาออก,ปริมาณจราจรในชั่วโมงเร่งด่วน กลางวัน ,"2,162","2,276"
229,2564,MB 23,ทางหลวงแผ่นดินหมายเลข 35,ขาออก,ปริมาณจราจรในชั่วโมงเร่งด่วน เย็น ,"1,828","1,751"
230,2564,MB 23,ทางหลวงแผ่นดินหมายเลข 35,ขาออก,ปริมาณจราจรชั่วโมงสูงสุด ,"2,162","2,276"
231,2564,MB 24,ทางหลวงแผ่นดินหมายเลข 4,ขาเข้า,ปริมาณจราจรเฉลี่ยทั้งวัน AADT ,"18,032","17,255"
232,2564,MB 24,ทางหลวงแผ่นดินหมายเลข 4,ขาเข้า,ปริมาณจราจรในชั่วโมงเร่งด่วน เช้า ,"1,101","1,035"
233,2564,MB 24,ทางหลวงแผ่นดินหมายเลข 4,ขาเข้า,ปริมาณจราจรในชั่วโมงเร่งด่วน กลางวัน ,"1,187","1,168"
234,2564,MB 24,ทางหลวงแผ่นดินหมายเลข 4,ขาเข้า,ปริมาณจราจรในชั่วโมงเร่งด่วน เย็น ,"1,449","1,321"
235,2564,MB 24,ทางหลวงแผ่นดินหมายเลข 4,ขาเข้า,ปริมาณจราจรชั่วโมงสูงสุด ,"1,449","1,321"
236,2564,MB 24,ทางหลวงแผ่นดินหมายเลข 4,ขาออก,ปริมาณจราจรเฉลี่ยทั้งวัน AADT ,"12,621","12,225"
237,2564,MB 24,ทางหลวงแผ่นดินหมายเลข 4,ขาออก,ปริมาณจราจรในชั่วโมงเร่งด่วน เช้า ,"1,449","1,238"
238,2564,MB 24,ทางหลวงแผ่นดินหมายเลข 4,ขาออก,ปริมาณจราจรในชั่วโมงเร่งด่วน กลางวัน ,"1,211","1,245"
239,2564,MB 24,ทางหลวงแผ่นดินหมายเลข 4,ขาออก,ปริมาณจราจรในชั่วโมงเร่งด่วน เย็น ,"1,309","1,205"
240,2564,MB 24,ทางหลวงแผ่นดินหมายเลข 4,ขาออก,ปริมาณจราจรชั่วโมงสูงสุด ,"1,449","1,245"
241,2564,MB 25,ทางหลวงแผ่นดินหมายเลข 32,ขาเข้า,ปริมาณจราจรเฉลี่ยทั้งวัน AADT ,"66,533","79,090"
242,2564,MB 25,ทางหลวงแผ่นดินหมายเลข 32,ขาเข้า,ปริมาณจราจรในชั่วโมงเร่งด่วน เช้า ,"4,297","4,707"
243,2564,MB 25,ทางหลวงแผ่นดินหมายเลข 32,ขาเข้า,ปริมาณจราจรในชั่วโมงเร่งด่วน กลางวัน ,"3,499","4,327"
244,2564,MB 25,ทางหลวงแผ่นดินหมายเลข 32,ขาเข้า,ปริมาณจราจรในชั่วโมงเร่งด่วน เย็น ,"5,301","5,801"
245,2564,MB 25,ทางหลวงแผ่นดินหมายเลข 32,ขาเข้า,ปริมาณจราจรชั่วโมงสูงสุด ,"5,301","5,801"
246,2564,MB 25,ทางหลวงแผ่นดินหมายเลข 32,ขาออก,ปริมาณจราจรเฉลี่ยทั้งวัน AADT ,"69,068","80,985"
247,2564,MB 25,ทางหลวงแผ่นดินหมายเลข 32,ขาออก,ปริมาณจราจรในชั่วโมงเร่งด่วน เช้า ,"5,645","6,118"
248,2564,MB 25,ทางหลวงแผ่นดินหมายเลข 32,ขาออก,ปริมาณจราจรในชั่วโมงเร่งด่วน กลางวัน ,"4,095","4,839"
249,2564,MB 25,ทางหลวงแผ่นดินหมายเลข 32,ขาออก,ปริมาณจราจรในชั่วโมงเร่งด่วน เย็น ,"4,612","5,043"
250,2564,MB 25,ทางหลวงแผ่นดินหมายเลข 32,ขาออก,ปริมาณจราจรชั่วโมงสูงสุด ,"5,645","6,118"
251,2564,MB 26,ทางหลวงแผ่นดินหมายเลข 1,ขาเข้า,ปริมาณจราจรเฉลี่ยทั้งวัน AADT ,"62,252","74,145"
252,2564,MB 26,ทางหลวงแผ่นดินหมายเลข 1,ขาเข้า,ปริมาณจราจรในชั่วโมงเร่งด่วน เช้า ,"2,939","3,922"
253,2564,MB 26,ทางหลวงแผ่นดินหมายเลข 1,ขาเข้า,ปริมาณจราจรในชั่วโมงเร่งด่วน กลางวัน ,"3,902","5,080"
254,2564,MB 26,ทางหลวงแผ่นดินหมายเลข 1,ขาเข้า,ปริมาณจราจรในชั่วโมงเร่งด่วน เย็น ,"5,346","6,062"
255,2564,MB 26,ทางหลวงแผ่นดินหมายเลข 1,ขาเข้า,ปริมาณจราจรชั่วโมงสูงสุด ,"5,346","6,062"
256,2564,MB 26,ทางหลวงแผ่นดินหมายเลข 1,ขาออก,ปริมาณจราจรเฉลี่ยทั้งวัน AADT ,"38,900","48,098"
257,2564,MB 26,ทางหลวงแผ่นดินหมายเลข 1,ขาออก,ปริมาณจราจรในชั่วโมงเร่งด่วน เช้า ,"4,112","5,030"
258,2564,MB 26,ทางหลวงแผ่นดินหมายเลข 1,ขาออก,ปริมาณจราจรในชั่วโมงเร่งด่วน กลางวัน ,"4,764","6,093"
259,2564,MB 26,ทางหลวงแผ่นดินหมายเลข 1,ขาออก,ปริมาณจราจรในชั่วโมงเร่งด่วน เย็น ,"3,279","4,422"
260,2564,MB 26,ทางหลวงแผ่นดินหมายเลข 1,ขาออก,ปริมาณจราจรชั่วโมงสูงสุด ,"4,764","6,093"
261,2564,MB 27,ทางหลวงแผ่นดินหมายเลข 2,ขาเข้า,ปริมาณจราจรเฉลี่ยทั้งวัน AADT ,"50,716","61,670"
262,2564,MB 27,ทางหลวงแผ่นดินหมายเลข 2,ขาเข้า,ปริมาณจราจรในชั่วโมงเร่งด่วน เช้า ,"3,256","3,689"
263,2564,MB 27,ทางหลวงแผ่นดินหมายเลข 2,ขาเข้า,ปริมาณจราจรในชั่วโมงเร่งด่วน กลางวัน ,"3,476","4,317"
264,2564,MB 27,ทางหลวงแผ่นดินหมายเลข 2,ขาเข้า,ปริมาณจราจรในชั่วโมงเร่งด่วน เย็น ,"3,125","4,080"
265,2564,MB 27,ทางหลวงแผ่นดินหมายเลข 2,ขาเข้า,ปริมาณจราจรชั่วโมงสูงสุด ,"3,476","4,425"
266,2564,MB 27,ทางหลวงแผ่นดินหมายเลข 2,ขาออก,ปริมาณจราจรเฉลี่ยทั้งวัน AADT ,"20,542","25,861"
267,2564,MB 27,ทางหลวงแผ่นดินหมายเลข 2,ขาออก,ปริมาณจราจรในชั่วโมงเร่งด่วน เช้า ,"2,041","2,789"
268,2564,MB 27,ทางหลวงแผ่นดินหมายเลข 2,ขาออก,ปริมาณจราจรในชั่วโมงเร่งด่วน กลางวัน ,"2,459","3,149"
269,2564,MB 27,ทางหลวงแผ่นดินหมายเลข 2,ขาออก,ปริมาณจราจรในชั่วโมงเร่งด่วน เย็น ,"1,904","2,354"
270,2564,MB 27,ทางหลวงแผ่นดินหมายเลข 2,ขาออก,ปริมาณจราจรชั่วโมงสูงสุด ,"2,459","3,149"
271,2564,MB 28,ทางหลวงแผ่นดินหมายเลข 331,ขาเข้า,ปริมาณจราจรเฉลี่ยทั้งวัน AADT ,"24,800","33,572"
272,2564,MB 28,ทางหลวงแผ่นดินหมายเลข 331,ขาเข้า,ปริมาณจราจรในชั่วโมงเร่งด่วน เช้า ,"2,889","3,027"
273,2564,MB 28,ทางหลวงแผ่นดินหมายเลข 331,ขาเข้า,ปริมาณจราจรในชั่วโมงเร่งด่วน กลางวัน ,"1,420","2,032"
274,2564,MB 28,ทางหลวงแผ่นดินหมายเลข 331,ขาเข้า,ปริมาณจราจรในชั่วโมงเร่งด่วน เย็น ,"1,467","1,921"
275,2564,MB 28,ทางหลวงแผ่นดินหมายเลข 331,ขาเข้า,ปริมาณจราจรชั่วโมงสูงสุด ,"2,889","3,027"
276,2564,MB 28,ทางหลวงแผ่นดินหมายเลข 331,ขาออก,ปริมาณจราจรเฉลี่ยทั้งวัน AADT ,"23,632","32,291"
277,2564,MB 28,ทางหลวงแผ่นดินหมายเลข 331,ขาออก,ปริมาณจราจรในชั่วโมงเร่งด่วน เช้า ,"1,628","2,026"
278,2564,MB 28,ทางหลวงแผ่นดินหมายเลข 331,ขาออก,ปริมาณจราจรในชั่วโมงเร่งด่วน กลางวัน ,"1,449","2,130"
279,2564,MB 28,ทางหลวงแผ่นดินหมายเลข 331,ขาออก,ปริมาณจราจรในชั่วโมงเร่งด่วน เย็น ,"1,972","2,269"
280,2564,MB 28,ทางหลวงแผ่นดินหมายเลข 331,ขาออก,ปริมาณจราจรชั่วโมงสูงสุด ,"1,972","2,269"
281,2564,MB 29,ทางหลวงแผ่นดินหมายเลข 36,ขาเข้า,ปริมาณจราจรเฉลี่ยทั้งวัน AADT ,"28,272","34,135"
282,2564,MB 29,ทางหลวงแผ่นดินหมายเลข 36,ขาเข้า,ปริมาณจราจรในชั่วโมงเร่งด่วน เช้า ,"1,926","2,130"
283,2564,MB 29,ทางหลวงแผ่นดินหมายเลข 36,ขาเข้า,ปริมาณจราจรในชั่วโมงเร่งด่วน กลางวัน ,"1,720","2,045"
284,2564,MB 29,ทางหลวงแผ่นดินหมายเลข 36,ขาเข้า,ปริมาณจราจรในชั่วโมงเร่งด่วน เย็น ,"2,286","2,462"
285,2564,MB 29,ทางหลวงแผ่นดินหมายเลข 36,ขาเข้า,ปริมาณจราจรชั่วโมงสูงสุด ,"2,286","2,462"
286,2564,MB 29,ทางหลวงแผ่นดินหมายเลข 36,ขาออก,ปริมาณจราจรเฉลี่ยทั้งวัน AADT ,"29,394","37,620"
287,2564,MB 29,ทางหลวงแผ่นดินหมายเลข 36,ขาออก,ปริมาณจราจรในชั่วโมงเร่งด่วน เช้า ,"2,292","2,697"
288,2564,MB 29,ทางหลวงแผ่นดินหมายเลข 36,ขาออก,ปริมาณจราจรในชั่วโมงเร่งด่วน กลางวัน ,"1,826","2,443"
289,2564,MB 29,ทางหลวงแผ่นดินหมายเลข 36,ขาออก,ปริมาณจราจรในชั่วโมงเร่งด่วน เย็น ,"2,318","2,730"
290,2564,MB 29,ทางหลวงแผ่นดินหมายเลข 36,ขาออก,ปริมาณจราจรชั่วโมงสูงสุด ,"2,318","2,730"
291,2564,MB 30,ทางหลวงแผ่นดินหมายเลข 304,ขาเข้า,ปริมาณจราจรเฉลี่ยทั้งวัน AADT ,"9,394","10,788"
292,2564,MB 30,ทางหลวงแผ่นดินหมายเลข 304,ขาเข้า,ปริมาณจราจรในชั่วโมงเร่งด่วน เช้า ,560,657
293,2564,MB 30,ทางหลวงแผ่นดินหมายเลข 304,ขาเข้า,ปริมาณจราจรในชั่วโมงเร่งด่วน กลางวัน ,657,772
294,2564,MB 30,ทางหลวงแผ่นดินหมายเลข 304,ขาเข้า,ปริมาณจราจรในชั่วโมงเร่งด่วน เย็น ,665,750
295,2564,MB 30,ทางหลวงแผ่นดินหมายเลข 304,ขาเข้า,ปริมาณจราจรชั่วโมงสูงสุด ,777,"1,051"
296,2564,MB 30,ทางหลวงแผ่นดินหมายเลข 304,ขาออก,ปริมาณจราจรเฉลี่ยทั้งวัน AADT ,"6,771","7,693"
297,2564,MB 30,ทางหลวงแผ่นดินหมายเลข 304,ขาออก,ปริมาณจราจรในชั่วโมงเร่งด่วน เช้า ,620,723
298,2564,MB 30,ทางหลวงแผ่นดินหมายเลข 304,ขาออก,ปริมาณจราจรในชั่วโมงเร่งด่วน กลางวัน ,740,886
299,2564,MB 30,ทางหลวงแผ่นดินหมายเลข 304,ขาออก,ปริมาณจราจรในชั่วโมงเร่งด่วน เย็น ,764,890
300,2564,MB 30,ทางหลวงแผ่นดินหมายเลข 304,ขาออก,ปริมาณจราจรชั่วโมงสูงสุด ,764,890
