episode,phase,steps,total_waiting_time,vehicle_count,episode_throughput,episode_reward,avg_speed_kmh,avg_queue_length,reward_avg_speed,reward_emergency_penalty,reward_phase_switch,reward_queue_length,reward_throughput,reward_waiting_time
1,training,3601,157066.0,5522,10959,144.4007,4.82,0.5,83.1,-118.4858,-15.07,-1.0848,277.0,-81.0587
2,training,3601,154753.0,5588,10965,119.7873,4.84,0.47,83.1,-140.2106,-14.88,-1.0194,277.0,-84.2027
3,training,3601,176349.0,5620,10903,107.2258,4.81,0.51,83.1,-150.2576,-14.83,-1.092,277.0,-86.6947
4,training,3601,151185.0,5446,10934,147.2241,4.85,0.47,83.1,-117.514,-14.95,-1.0092,277.0,-79.4027
5,training,3601,172802.0,5508,11013,132.1203,4.83,0.51,83.1,-128.0897,-14.42,-1.098,277.0,-84.372
6,training,3601,175006.0,5396,11059,108.8654,4.84,0.51,83.1,-148.2447,-15.11,-1.1106,277.0,-86.7693
7,training,3601,161893.0,5507,11001,111.1612,4.82,0.46,83.1,-149.8774,-15.03,-0.99,277.0,-83.0413
8,training,3601,168112.0,5660,11011,97.5808,4.83,0.46,83.1,-159.5716,-14.87,-0.999,277.0,-87.0787
9,training,3601,152445.0,5419,11133,136.0703,4.83,0.5,83.1,-121.6862,-14.84,-1.0902,277.0,-86.4133
10,training,3601,143463.0,5585,10992,149.7061,4.81,0.5,83.1,-110.6209,-15.4,-1.077,277.0,-83.296
11,training,3601,166045.0,5542,11014,119.5324,4.82,0.51,83.1,-137.9356,-15.03,-1.098,277.0,-86.504
12,training,3601,122626.0,5634,10896,154.5087,4.81,0.45,83.1,-108.8532,-15.5,-0.9768,277.0,-80.2613
13,training,3601,148748.0,5586,10865,129.2465,4.84,0.47,83.1,-132.2647,-14.53,-1.0134,277.0,-83.0453
14,training,3601,163418.0,5484,11005,98.1986,4.81,0.45,83.1,-159.6906,-14.66,-0.9774,277.0,-86.5733
15,training,3601,166720.0,5547,11065,124.1547,4.84,0.51,83.1,-134.7012,-15.21,-1.0968,277.0,-84.9373
16,training,3601,158019.0,5556,10946,117.1539,4.81,0.49,83.1,-140.7017,-15.1,-1.0644,277.0,-86.08
17,training,3601,181723.0,5404,11030,99.9638,4.82,0.53,83.1,-153.9943,-15.29,-1.1412,277.0,-89.7107
18,training,3601,162978.0,5580,11033,111.2694,4.81,0.49,83.1,-147.1628,-15.37,-1.0632,277.0,-85.2347
19,training,3611,161575.0,5548,11065,114.7779,4.82,0.49,83.4,-143.1176,-14.72,-1.0698,278.0,-87.7147
20,training,3601,176252.0,5509,11007,122.5812,4.82,0.51,83.1,-135.0459,-15.0,-1.0956,277.0,-86.3773
21,training,3601,154945.0,5481,11099,123.8325,4.83,0.47,83.1,-134.4568,-15.44,-1.0254,277.0,-85.3453
22,training,3601,188411.0,5360,11140,98.2952,4.82,0.47,83.1,-157.2222,-15.12,-1.0146,277.0,-88.448
23,training,3601,162366.0,5577,10928,128.3887,4.81,0.52,83.1,-130.3657,-14.66,-1.1202,277.0,-85.5653
24,training,3611,167530.0,5605,10938,118.2704,4.81,0.49,83.4,-142.1047,-15.4,-1.0596,278.0,-84.5653
25,training,3611,154517.0,5526,11087,118.821,4.81,0.47,83.4,-137.9131,-15.1,-1.0272,278.0,-88.5387
26,training,3601,175122.0,5530,10928,101.9326,4.82,0.47,83.1,-155.5975,-15.4,-1.0152,277.0,-86.1547
27,training,3601,144516.0,5475,10976,138.1884,4.83,0.47,83.1,-125.6189,-15.4,-1.0074,277.0,-79.8853
28,training,3611,158995.0,5547,11053,130.6669,4.81,0.52,83.4,-129.2082,-15.28,-1.1262,278.0,-85.1187
29,training,3611,149063.0,5447,11009,145.2164,4.82,0.51,83.4,-116.8227,-15.2,-1.0956,278.0,-83.0653
30,training,3601,178253.0,5486,11023,97.2825,4.81,0.49,83.1,-158.1641,-15.33,-1.0554,277.0,-88.268
31,training,3601,191570.0,5657,10910,92.1886,4.81,0.52,83.1,-165.0538,-15.03,-1.113,277.0,-86.7147
32,training,3601,183106.0,5639,10961,106.0084,4.82,0.52,83.1,-150.8273,-15.43,-1.113,277.0,-86.7213
33,training,3601,147495.0,5636,10925,152.3826,4.82,0.49,83.1,-110.9145,-15.44,-1.0656,277.0,-80.2973
34,training,3601,167172.0,5568,11012,122.8702,4.82,0.54,83.1,-134.4323,-15.51,-1.1622,277.0,-86.1253
35,training,3601,146473.0,5619,11031,128.9299,4.83,0.46,83.1,-131.6209,-15.2,-0.9972,277.0,-83.352
36,training,3601,167393.0,5507,10953,122.9914,4.83,0.52,83.1,-135.9486,-15.28,-1.1214,277.0,-84.7587
37,training,3601,172405.0,5507,11013,108.049,4.85,0.49,83.1,-149.7458,-15.27,-1.0512,277.0,-85.984
38,training,3601,161513.0,5346,11001,116.2012,4.82,0.49,83.1,-143.3825,-15.29,-1.053,277.0,-84.1733
39,training,3601,170761.0,5574,10970,122.1004,4.81,0.5,83.1,-138.7649,-15.47,-1.0794,277.0,-82.6853
40,training,3601,166161.0,5454,11110,119.1762,4.83,0.5,83.1,-140.4794,-15.37,-1.077,277.0,-83.9973
41,training,3601,159394.0,5611,10964,136.9156,4.83,0.51,83.1,-122.4615,-15.05,-1.1022,277.0,-84.5707
42,training,3601,170711.0,5493,10983,121.1669,4.85,0.52,83.1,-135.0469,-15.27,-1.1148,277.0,-87.5013
43,training,3611,142258.0,5550,11118,137.9527,4.84,0.47,83.4,-126.582,-15.1,-1.008,278.0,-80.7573
44,training,3601,183140.0,5450,10998,99.6422,4.83,0.5,83.1,-161.1427,-14.97,-1.0704,277.0,-83.2747
45,training,3601,190337.0,5496,11034,116.5328,4.83,0.51,83.1,-139.6496,-15.46,-1.1016,277.0,-87.356
46,training,3601,174588.0,5539,10995,137.813,4.8,0.52,83.1,-121.9401,-14.44,-1.1322,277.0,-84.7747
47,training,3601,180944.0,5497,11041,97.7294,4.8,0.51,83.1,-158.1383,-15.4,-1.107,277.0,-87.7253
48,training,3601,179480.0,5673,10961,96.9623,4.82,0.49,83.1,-159.9343,-14.68,-1.0554,277.0,-87.468
49,training,3611,152095.0,5566,11029,126.7037,4.82,0.46,83.4,-133.9359,-14.96,-1.0044,278.0,-84.796
50,training,3601,179141.0,5575,10933,100.3049,4.82,0.5,83.1,-155.4702,-14.85,-1.0776,277.0,-88.3973
51,training,3601,185386.0,5499,11065,114.9024,4.82,0.51,83.1,-142.9009,-14.98,-1.0914,277.0,-86.2253
52,training,3601,149217.0,5506,11107,133.4574,4.8,0.46,83.1,-128.0766,-14.81,-0.9906,277.0,-82.7653
53,training,3601,135083.0,5497,11026,154.3522,4.83,0.47,83.1,-113.9543,-14.92,-1.0188,277.0,-75.8547
54,training,3601,144065.0,5552,10964,141.6866,4.82,0.48,83.1,-119.6038,-14.95,-1.029,277.0,-82.8307
55,training,3601,171855.0,5547,11000,123.954,4.81,0.51,83.1,-135.7465,-14.92,-1.1022,277.0,-84.3773
56,training,3601,158626.0,5543,10969,127.6769,4.8,0.48,83.1,-133.5278,-14.66,-1.0446,277.0,-83.1907
57,training,3601,139779.0,5644,10934,143.8156,4.83,0.47,83.1,-120.5064,-15.04,-1.026,277.0,-79.712
58,training,3601,154082.0,5548,11077,145.8407,4.81,0.51,83.1,-114.7659,-14.74,-1.1094,277.0,-83.644
59,training,3601,171394.0,5513,11046,124.467,4.81,0.54,83.1,-130.4781,-14.32,-1.1562,277.0,-89.6787
60,training,3601,180441.0,5571,11068,117.6754,4.81,0.53,83.1,-138.576,-14.63,-1.14,277.0,-88.0787
61,training,3601,159152.0,5574,10975,128.6579,4.82,0.5,83.1,-132.1964,-14.63,-1.077,277.0,-83.5387
62,training,3601,149795.0,5510,10997,130.4047,4.83,0.46,83.1,-127.9536,-14.75,-0.993,277.0,-85.9987
63,training,3611,168857.0,5514,11109,112.1693,4.83,0.5,83.4,-147.8494,-14.48,-1.0746,278.0,-85.8267
64,training,3601,166345.0,5527,10933,109.4721,4.81,0.49,83.1,-148.7306,-14.82,-1.056,277.0,-86.0213
65,training,3601,152631.0,5437,10970,128.3454,4.82,0.48,83.1,-130.3755,-14.53,-1.0464,277.0,-85.8027
66,training,3601,140585.0,5549,10967,154.9819,4.81,0.49,83.1,-108.7295,-14.6,-1.0686,277.0,-80.72
67,training,3601,135344.0,5537,10989,147.2077,4.82,0.46,83.1,-113.9516,-14.71,-0.9894,277.0,-83.2413
68,training,3601,164590.0,5554,11012,122.0047,4.81,0.51,83.1,-136.7593,-14.07,-1.0914,277.0,-86.1747
69,training,3601,173182.0,5491,10952,117.5123,4.82,0.5,83.1,-140.219,-14.5,-1.074,277.0,-86.7947
70,training,3601,135813.0,5619,10983,167.0526,4.82,0.49,83.1,-97.636,-14.11,-1.0494,277.0,-80.252
71,training,3601,168764.0,5509,11039,113.4569,4.82,0.51,83.1,-141.3685,-14.19,-1.1046,277.0,-89.98
72,training,3611,153250.0,5362,11222,127.7421,4.84,0.47,83.4,-131.7354,-14.73,-1.0098,278.0,-86.1827
73,training,3601,177986.0,5501,11034,112.3399,4.79,0.52,83.1,-143.835,-13.74,-1.1304,277.0,-89.0547
74,training,3601,162734.0,5521,10989,118.2562,4.82,0.51,83.1,-138.8219,-13.63,-1.0986,277.0,-88.2933
75,training,3601,153184.0,5489,10931,136.0144,4.82,0.5,83.1,-123.4266,-14.05,-1.077,277.0,-85.532
76,training,3601,172698.0,5469,11084,146.0593,4.8,0.5,83.1,-115.76,-13.48,-1.074,277.0,-83.7267
77,training,3608,131558.0,5594,11090,162.2165,4.81,0.48,83.4,-102.8246,-13.39,-1.0356,278.0,-81.9333
78,training,3601,151368.0,5470,11062,145.995,4.78,0.52,83.1,-113.3078,-12.91,-1.1166,277.0,-86.7707
79,training,3601,166544.0,5448,10967,133.7692,4.8,0.51,83.1,-127.8449,-12.85,-1.1106,277.0,-84.5253
80,training,3601,205170.0,5583,10915,86.1745,4.82,0.54,83.1,-167.935,-12.86,-1.1772,277.0,-91.9533
81,training,3601,177385.0,5460,11047,115.269,4.82,0.51,83.1,-145.0381,-12.53,-1.0962,277.0,-86.1667
82,training,3611,140312.0,5513,11099,144.0557,4.82,0.48,83.4,-119.2259,-12.52,-1.0464,278.0,-84.552
83,training,3601,131716.0,5681,10990,179.1479,4.8,0.49,83.1,-87.5493,-11.85,-1.0542,277.0,-80.4987
84,training,3601,155671.0,5497,11097,126.8747,4.8,0.5,83.1,-133.4509,-12.15,-1.0818,277.0,-86.5427
85,training,3601,180359.0,5516,10996,103.3262,4.81,0.52,83.1,-153.5893,-12.04,-1.1178,277.0,-90.0267
86,training,3601,174359.0,5549,11017,106.6048,4.83,0.52,83.1,-148.5089,-11.98,-1.113,277.0,-91.8933
87,training,3601,137639.0,5448,10995,170.8274,4.8,0.52,83.1,-95.5039,-12.27,-1.1214,277.0,-80.3773
88,training,3601,174415.0,5481,10883,125.0218,4.79,0.55,83.1,-130.9798,-12.08,-1.1904,277.0,-90.828
89,training,3605,167165.0,5425,11086,123.102,4.83,0.49,83.4,-139.111,-11.86,-1.059,278.0,-86.268
90,training,3601,158259.0,5399,11034,137.2953,4.82,0.49,83.1,-123.7605,-11.78,-1.0656,277.0,-86.1987
91,training,3602,176863.0,5527,11032,130.8883,4.85,0.5,83.4,-132.5597,-11.18,-1.08,278.0,-85.692
92,training,3611,128563.0,5552,11064,159.7504,4.85,0.46,83.4,-110.4389,-10.83,-0.99,278.0,-79.3907
93,training,3608,147941.0,5613,10937,145.8651,4.84,0.48,83.4,-120.1795,-10.66,-1.0314,278.0,-83.664
94,training,3611,160399.0,5656,10893,140.644,4.82,0.5,83.4,-125.4918,-10.95,-1.0836,278.0,-83.2307
95,training,3611,185315.0,5409,11067,115.144,4.81,0.53,83.4,-141.901,-10.72,-1.155,278.0,-92.48
96,training,3611,141862.0,5540,11129,148.4111,4.84,0.49,83.4,-119.1378,-11.54,-1.0524,278.0,-81.2587
97,training,3601,179886.0,5272,11145,109.2284,4.8,0.51,83.1,-150.1097,-11.12,-1.0926,277.0,-88.5493
98,training,3608,172782.0,5568,11096,112.1659,4.82,0.49,83.4,-150.0586,-10.33,-1.0668,278.0,-87.7787
99,training,3611,145455.0,5578,11001,166.1433,4.82,0.49,83.4,-104.1005,-11.1,-1.0548,278.0,-79.0013
100,training,3608,136572.0,5512,11161,161.0137,4.8,0.49,83.4,-105.1685,-10.19,-1.0638,278.0,-83.964
101,training,3605,179661.0,5463,11130,126.2374,4.85,0.54,83.4,-137.1268,-11.28,-1.1652,278.0,-85.5907
102,training,3608,146948.0,5627,11035,152.0541,4.81,0.5,83.4,-112.7827,-11.44,-1.0752,278.0,-84.048
103,training,3611,183977.0,5521,11126,101.1638,4.81,0.52,83.4,-162.2968,-11.71,-1.1214,278.0,-85.108
104,training,3608,172853.0,5446,11090,143.7837,4.81,0.51,83.4,-119.4025,-10.56,-1.0938,278.0,-86.56
105,training,3601,172399.0,5634,10970,136.5398,4.82,0.51,83.1,-127.3698,-10.15,-1.095,277.0,-84.9453
106,training,3605,137265.0,5461,11003,162.6501,4.82,0.49,83.4,-107.4639,-10.12,-1.062,278.0,-80.104
107,training,3611,156788.0,5633,10961,129.7915,4.85,0.48,83.4,-134.7873,-10.34,-1.0452,278.0,-85.436
108,training,3601,215344.0,5503,11043,95.838,4.83,0.53,83.1,-161.6714,-10.92,-1.14,277.0,-90.5307
109,training,3601,130306.0,5530,10983,166.8019,4.84,0.47,83.1,-101.1036,-11.06,-1.0092,277.0,-80.1253
110,training,3608,172137.0,5523,11128,130.1337,4.83,0.49,83.4,-136.1938,-10.14,-1.0698,278.0,-83.8627
111,training,3608,169935.0,5456,11099,120.1954,4.83,0.53,83.4,-136.9486,-10.25,-1.1526,278.0,-92.8533
112,training,3609,177833.0,5521,11129,98.1258,4.89,0.49,83.7,-163.9299,-10.74,-1.059,279.0,-88.8453
113,training,3601,157741.0,5476,11032,138.9057,4.8,0.52,83.1,-120.6859,-10.87,-1.1238,277.0,-88.5147
114,training,3602,160783.0,5519,11028,126.5197,4.84,0.5,83.4,-138.0252,-9.88,-1.0818,278.0,-85.8933
115,training,3605,182236.0,5342,11111,116.2826,4.83,0.53,83.4,-147.3968,-10.02,-1.1406,278.0,-86.56
116,training,3601,187556.0,5612,10953,99.1588,4.82,0.51,83.1,-159.7501,-9.9,-1.1124,277.0,-90.1787
117,training,3608,143777.0,5532,11126,155.3019,4.85,0.47,83.4,-114.4553,-9.15,-1.0248,278.0,-81.468
118,training,3608,168407.0,5659,10983,115.4054,4.8,0.5,83.4,-148.294,-9.03,-1.0866,278.0,-87.584
119,training,3605,170432.0,5496,11075,120.9519,4.83,0.51,83.4,-142.8447,-8.56,-1.0968,278.0,-87.9467
120,training,3602,172143.0,5625,10913,127.5955,4.84,0.5,83.4,-140.6118,-8.09,-1.0854,278.0,-84.0173
121,training,3610,150617.0,5536,11088,130.0174,4.87,0.47,84.0,-138.8437,-7.66,-1.0176,280.0,-86.4613
122,training,3603,131053.0,5587,11029,168.8536,4.86,0.48,83.7,-101.3649,-7.78,-1.0482,279.0,-83.6533
123,training,3612,178182.0,5422,11191,116.9181,4.82,0.51,83.7,-149.1921,-8.13,-1.1064,279.0,-87.3533
124,training,3600,140432.0,5560,11080,161.2151,4.84,0.5,83.7,-109.6903,-7.69,-1.0752,279.0,-83.0293
125,training,3612,165523.0,5576,11048,144.2475,4.83,0.53,83.7,-122.8513,-8.46,-1.1532,279.0,-85.988
126,training,3606,145577.0,5622,11019,143.442,4.86,0.49,83.7,-126.7109,-8.33,-1.0638,279.0,-83.1533
127,training,3603,141442.0,5510,11026,162.0777,4.87,0.5,83.7,-109.2335,-8.33,-1.0734,279.0,-81.9853
128,training,3605,153863.0,5608,11019,173.1199,4.83,0.48,83.4,-101.419,-8.42,-1.0464,278.0,-77.3947
129,training,3609,181111.0,5517,11087,99.5168,4.83,0.5,83.7,-164.0385,-9.09,-1.092,279.0,-88.9627
130,training,3606,177761.0,5596,10891,122.3883,4.84,0.48,83.7,-146.2835,-8.62,-1.0482,279.0,-84.36
131,training,3609,166641.0,5565,11079,139.2657,4.85,0.5,83.7,-127.1579,-8.56,-1.083,279.0,-86.6333
132,training,3604,166208.0,5526,11080,137.3739,4.88,0.5,84.0,-134.1024,-7.33,-1.0764,280.0,-84.1173
133,training,3605,156475.0,5512,11168,151.1008,4.85,0.5,83.4,-117.9552,-8.51,-1.074,278.0,-82.76
134,training,3608,167523.0,5471,11069,139.0583,4.83,0.51,83.4,-125.7033,-9.11,-1.1124,278.0,-86.416
135,training,3612,157377.0,5709,10978,127.4355,4.86,0.46,83.7,-140.4994,-9.02,-0.9864,279.0,-84.7587
136,training,3612,165119.0,5547,11189,122.8917,4.86,0.49,83.7,-144.9949,-8.21,-1.062,279.0,-85.5413
137,training,3606,148406.0,5620,10945,145.5716,4.85,0.49,83.7,-125.9823,-8.47,-1.0614,279.0,-81.6147
138,training,3609,149017.0,5444,11157,151.1694,4.84,0.48,83.7,-115.704,-8.51,-1.05,279.0,-86.2667
139,training,3609,188366.0,5306,11201,103.2875,4.83,0.52,83.7,-159.8429,-8.37,-1.1316,279.0,-90.068
140,training,3605,171125.0,5540,11087,126.7187,4.82,0.51,83.4,-139.3439,-9.4,-1.104,278.0,-84.8333
141,training,3605,155638.0,5493,11065,136.8275,4.84,0.49,83.4,-130.9744,-8.48,-1.0674,278.0,-84.0507
142,training,3602,154034.0,5588,10994,137.0779,4.84,0.49,83.4,-129.731,-7.96,-1.0578,278.0,-85.5733
143,training,3606,145278.0,5430,11177,152.117,4.86,0.49,83.7,-119.7874,-8.62,-1.053,279.0,-81.1227
144,training,3609,170737.0,5513,11140,141.2153,4.83,0.52,83.7,-126.1701,-8.56,-1.1346,279.0,-85.62
145,training,3605,149610.0,5450,11082,136.8844,4.81,0.49,83.4,-131.1232,-8.46,-1.0524,278.0,-83.88
146,training,3609,174127.0,5496,11158,134.5705,4.85,0.51,83.7,-134.0268,-8.05,-1.1034,279.0,-84.9493
147,training,3603,174268.0,5560,11104,121.5119,4.86,0.51,83.7,-145.3063,-8.17,-1.1064,279.0,-86.6053
148,training,3600,139601.0,5486,11082,158.5735,4.84,0.51,83.7,-111.5491,-8.38,-1.0974,279.0,-83.1
149,training,3605,138697.0,5451,11152,164.2651,4.82,0.53,83.4,-102.06,-8.19,-1.1436,278.0,-85.7413
150,training,3600,148555.0,5585,11017,142.3509,4.85,0.47,83.7,-130.0063,-7.18,-1.0188,279.0,-82.144
151,training,3611,147893.0,5634,11001,156.0097,4.87,0.49,84.3,-116.5965,-6.94,-1.0644,281.0,-84.6893
152,training,3609,186240.0,5613,11037,136.6698,4.83,0.52,83.7,-127.8859,-7.88,-1.1256,279.0,-89.1387
153,training,3606,175863.0,5569,11059,126.8005,4.83,0.54,83.7,-138.4381,-7.79,-1.1754,279.0,-88.496
154,training,3604,190930.0,5576,11014,99.1943,4.86,0.52,84.0,-168.5335,-7.69,-1.1328,280.0,-87.4493
155,training,3606,166692.0,5633,11074,130.8584,4.85,0.49,83.7,-137.1951,-7.68,-1.0638,279.0,-85.9027
156,training,3612,143509.0,5637,10979,143.6189,4.86,0.48,83.7,-127.1656,-8.33,-1.0308,279.0,-82.5547
157,training,3601,186125.0,5559,11155,92.4973,4.88,0.51,84.0,-172.5937,-6.78,-1.101,280.0,-91.028
158,training,3604,155620.0,5550,11166,137.6195,4.88,0.48,84.0,-133.5175,-6.99,-1.041,280.0,-84.832
159,training,3605,138359.0,5551,11186,159.7124,4.9,0.46,84.3,-114.7827,-6.86,-0.9876,281.0,-82.9573
160,training,3601,180245.0,5485,11126,129.8779,4.87,0.5,84.0,-140.5956,-6.88,-1.0758,280.0,-85.5707
161,training,3607,178824.0,5573,11090,110.2075,4.87,0.51,84.0,-157.5895,-7.09,-1.101,280.0,-88.012
162,training,3610,168585.0,5417,11310,130.3833,4.87,0.5,84.0,-138.7442,-6.98,-1.0938,280.0,-86.7987
163,training,3608,162340.0,5520,11224,135.0863,4.9,0.49,84.3,-139.6794,-6.49,-1.059,281.0,-82.9853
164,training,3603,165617.0,5500,11332,145.2665,4.89,0.51,84.6,-127.7685,-6.41,-1.107,282.0,-86.048
165,training,3611,160256.0,5590,11080,143.7,4.87,0.49,84.3,-129.351,-6.61,-1.071,281.0,-84.568
166,training,3608,184347.0,5477,11102,101.599,4.89,0.49,84.3,-162.825,-6.19,-1.0674,281.0,-93.6187
167,training,3606,176651.0,5495,11139,128.3406,4.89,0.51,84.6,-143.6164,-6.23,-1.113,282.0,-87.3
168,training,3607,180946.0,5473,11267,106.5349,4.92,0.5,84.9,-162.0734,-5.99,-1.083,283.0,-92.2187
169,training,3601,154187.0,5567,11120,139.2676,4.89,0.49,84.0,-132.5426,-6.57,-1.0692,280.0,-84.5507
170,training,3604,154478.0,5563,11114,139.9159,4.89,0.49,84.0,-129.4014,-6.75,-1.062,280.0,-86.8707
171,training,3609,152480.0,5569,11178,129.6925,4.92,0.47,84.6,-140.7246,-6.6,-1.0122,282.0,-88.5707
172,training,3607,160502.0,5604,11085,133.535,4.88,0.48,84.0,-136.6088,-7.01,-1.0422,280.0,-85.804
173,training,3611,181627.0,5559,11191,102.5767,4.87,0.54,84.3,-159.753,-6.94,-1.1796,281.0,-94.8507
174,training,3607,167380.0,5617,10976,125.9565,4.85,0.49,84.0,-144.0805,-6.86,-1.0536,280.0,-86.0493
175,training,3601,152967.0,5572,11155,141.785,4.89,0.52,84.0,-126.6494,-6.71,-1.1196,280.0,-87.736
176,training,3600,146828.0,5562,11044,148.1206,4.87,0.48,83.7,-122.3677,-6.92,-1.0464,279.0,-84.2453
177,training,3606,175836.0,5612,11141,108.6448,4.92,0.5,84.6,-160.4374,-6.71,-1.0824,282.0,-89.7253
178,training,3604,167247.0,5525,11119,118.4724,4.87,0.5,84.0,-147.4447,-6.63,-1.0716,280.0,-90.3813
179,training,3604,142641.0,5621,11082,163.1777,4.88,0.49,84.0,-107.8806,-6.92,-1.0524,280.0,-84.9693
180,training,3608,154907.0,5562,11114,138.8526,4.9,0.47,84.3,-131.8511,-6.67,-1.017,281.0,-86.9093
181,training,3601,156364.0,5592,11203,133.6883,4.87,0.49,84.0,-134.6025,-6.75,-1.0632,280.0,-87.896
182,training,3605,145193.0,5539,11180,167.1024,4.88,0.51,84.3,-105.8231,-6.56,-1.1052,281.0,-84.7093
183,training,3603,155679.0,5448,11186,153.36,4.84,0.51,83.7,-115.81,-7.05,-1.092,279.0,-85.388
184,training,3600,169933.0,5554,11002,133.8016,4.87,0.5,83.7,-134.5408,-6.7,-1.0776,279.0,-86.58
185,training,3609,162624.0,5490,11114,137.9841,4.86,0.49,83.7,-132.3719,-7.53,-1.0566,279.0,-83.7573
186,training,3600,146457.0,5673,10990,155.224,4.85,0.49,83.7,-116.3748,-7.01,-1.0632,279.0,-83.028
187,training,3603,140744.0,5607,11152,168.5218,4.85,0.48,83.7,-106.7564,-7.57,-1.0464,279.0,-78.8053
188,training,3609,146367.0,5599,11093,127.41,4.83,0.47,83.7,-138.1262,-8.0,-1.0158,279.0,-88.148
189,training,3601,220259.0,5574,11164,100.0646,4.88,0.51,84.0,-166.0305,-6.98,-1.1022,280.0,-89.8227
190,training,3603,143865.0,5568,10975,147.2219,4.89,0.45,83.7,-125.1229,-7.84,-0.9792,279.0,-81.536
191,training,3612,179110.0,5515,11103,112.3375,4.83,0.51,83.7,-152.3705,-8.3,-1.116,279.0,-88.576
192,training,3611,176162.0,5613,10935,115.0327,4.83,0.52,83.4,-150.6005,-8.3,-1.1268,278.0,-86.34
193,training,3612,155773.0,5561,11121,141.1997,4.84,0.51,83.7,-127.3336,-8.38,-1.104,279.0,-84.6827
194,training,3612,126981.0,5530,11099,182.722,4.86,0.47,83.7,-95.4933,-8.33,-1.02,279.0,-75.1347
195,training,3612,185979.0,5533,10986,105.269,4.87,0.52,83.7,-158.8115,-8.52,-1.1208,279.0,-88.9787
196,training,3611,185664.0,5360,11094,92.3252,4.81,0.49,83.4,-171.1977,-8.73,-1.0698,278.0,-88.0773
197,training,3609,131352.0,5599,11040,163.0966,4.83,0.49,83.7,-105.5668,-8.51,-1.0626,279.0,-84.464
198,training,3612,144274.0,5427,11133,155.4153,4.85,0.49,83.7,-114.7284,-8.33,-1.0596,279.0,-83.1667
199,training,3605,132047.0,5526,11074,167.8025,4.83,0.5,83.4,-99.8369,-8.96,-1.086,278.0,-83.7147
200,training,3602,176727.0,5441,11041,110.4609,4.84,0.49,83.4,-153.2724,-8.65,-1.0674,278.0,-87.9493
201,training,3612,140076.0,5607,11047,170.7922,4.85,0.5,83.7,-100.8705,-8.25,-1.074,279.0,-81.7133
202,training,3605,139186.0,5581,11099,143.862,4.83,0.46,83.4,-124.6628,-8.35,-1.0026,278.0,-83.5227
203,training,3602,134696.0,5554,10948,170.4784,4.84,0.48,83.4,-103.2778,-8.55,-1.0338,278.0,-78.06
204,training,3612,148781.0,5645,11123,146.7997,4.86,0.51,83.7,-118.6686,-8.39,-1.095,279.0,-87.7467
205,training,3606,182838.0,5551,11039,112.239,4.83,0.51,83.7,-151.0262,-8.1,-1.1028,279.0,-90.232
206,training,3609,181105.0,5602,11091,104.5507,4.84,0.52,83.7,-160.7422,-8.06,-1.1178,279.0,-88.2293
207,training,3612,166228.0,5609,11022,115.6752,4.84,0.49,83.7,-147.3651,-8.05,-1.0644,279.0,-90.5453
208,training,3605,151303.0,5575,10948,152.8429,4.83,0.5,83.4,-115.0018,-7.97,-1.0746,278.0,-84.5107
209,training,3606,143954.0,5557,11155,150.8988,4.85,0.48,83.7,-120.3618,-7.23,-1.0374,279.0,-83.172
210,training,3606,158683.0,5609,11122,122.1482,4.85,0.48,83.7,-147.6529,-7.82,-1.0296,279.0,-84.0493
211,training,3609,154120.0,5516,11202,143.8249,4.84,0.52,83.7,-125.2553,-7.14,-1.1238,279.0,-85.356
212,training,3601,148590.0,5519,11164,155.1238,4.85,0.49,84.0,-118.5852,-6.51,-1.053,280.0,-82.728
213,training,3606,123460.0,5418,11108,167.2556,4.85,0.45,83.7,-107.3571,-6.93,-0.9786,279.0,-80.1787
214,training,3605,143756.0,5474,11188,157.8191,4.89,0.49,84.3,-117.0835,-6.08,-1.0494,281.0,-83.268
215,training,3604,172184.0,5437,11360,133.2933,4.95,0.52,84.9,-138.9637,-5.91,-1.125,283.0,-88.608
216,training,3606,164290.0,5612,11122,133.9948,4.89,0.52,84.6,-138.1817,-6.08,-1.1208,282.0,-87.2227
217,training,3612,151448.0,5595,11254,147.5681,4.95,0.49,85.5,-129.7163,-5.79,-1.0536,285.0,-86.372
218,training,3607,161135.0,5565,11167,151.7595,4.91,0.51,84.9,-123.5674,-5.76,-1.0944,283.0,-85.7187
219,training,3605,176806.0,5474,11248,108.6147,4.91,0.52,84.3,-159.6534,-6.7,-1.1172,281.0,-89.2147
220,training,3610,161027.0,5621,11205,128.6737,4.93,0.47,84.9,-146.4333,-5.69,-1.023,283.0,-86.08
221,training,3603,175181.0,5685,11119,122.8534,4.88,0.53,84.6,-147.5896,-5.74,-1.137,282.0,-89.28
222,training,3606,191266.0,5543,11186,149.6778,4.92,0.5,84.6,-129.4295,-5.53,-1.0734,282.0,-80.8893
223,training,3605,148408.0,5476,11423,161.6042,5.0,0.49,86.1,-120.5485,-4.9,-1.0686,287.0,-84.9787
224,training,3602,167812.0,5327,11427,145.2018,4.92,0.52,85.2,-127.5368,-5.29,-1.1274,284.0,-90.044
225,training,3604,161817.0,5576,11306,123.998,4.99,0.5,85.8,-153.9752,-4.79,-1.0782,286.0,-87.9587
226,training,3611,169573.0,5367,11448,140.9586,5.01,0.52,86.1,-137.8617,-4.59,-1.1364,287.0,-88.5533
227,training,3610,166174.0,5509,11529,126.8578,5.02,0.51,86.7,-152.872,-4.58,-1.0968,289.0,-90.2933
228,training,3606,150825.0,5317,11689,162.9563,5.03,0.52,86.4,-119.061,-4.68,-1.1214,288.0,-86.5813
229,training,3606,155015.0,5477,11706,161.6538,5.06,0.51,87.3,-123.12,-4.26,-1.1142,291.0,-88.152
230,training,3612,173427.0,5434,11558,156.777,4.99,0.52,86.4,-122.1256,-4.69,-1.1328,288.0,-89.6747
231,training,3608,163501.0,5641,11330,140.7328,4.98,0.49,86.1,-138.0575,-4.37,-1.0584,287.0,-88.8813
232,training,3606,157541.0,5533,11550,173.5568,5.0,0.52,86.4,-111.1973,-4.23,-1.1346,288.0,-84.2813
233,training,3608,124787.0,5413,11384,193.1652,5.05,0.48,87.0,-96.139,-4.09,-1.0458,290.0,-82.56
234,training,3612,145891.0,5574,11746,175.0161,5.16,0.52,89.1,-119.7449,-3.39,-1.125,297.0,-86.824
235,training,3605,150612.0,5491,11632,177.7151,5.1,0.51,87.9,-116.6982,-3.56,-1.0974,293.0,-81.8293
236,training,3603,149135.0,5600,11544,185.6964,5.07,0.49,87.3,-106.0639,-3.77,-1.0644,291.0,-81.7053
237,training,3606,161984.0,5607,11517,156.7963,5.04,0.55,87.3,-124.2302,-3.92,-1.1868,291.0,-92.1667
238,training,3607,172114.0,5606,11579,144.0663,5.07,0.53,87.6,-141.4081,-3.66,-1.155,292.0,-89.3107
239,training,3607,174906.0,5484,11749,145.9656,5.09,0.55,88.5,-137.4232,-3.5,-1.2006,295.0,-95.4107
240,training,3600,171576.0,5484,11593,152.3981,5.1,0.55,88.2,-133.0997,-3.43,-1.1868,294.0,-92.0853
241,training,3612,188389.0,5600,11914,126.0398,5.22,0.54,90.0,-166.069,-2.99,-1.1706,300.0,-93.7307
242,training,3611,189683.0,5456,11825,117.9468,5.15,0.54,88.8,-167.5779,-3.18,-1.1646,296.0,-94.9307
243,training,3606,194301.0,5499,12041,137.4896,5.25,0.58,90.9,-159.3385,-2.84,-1.2492,303.0,-92.9827
244,training,3601,169429.0,5598,11834,147.14,5.18,0.5,89.4,-144.6941,-3.13,-1.0866,298.0,-91.3493
245,training,3610,152527.0,5610,11846,161.8679,5.19,0.52,89.4,-127.2209,-3.27,-1.1292,298.0,-93.912
246,training,3600,186846.0,5581,11750,118.9049,5.24,0.54,90.0,-170.2568,-2.84,-1.173,300.0,-96.8253
247,training,3608,166072.0,5611,11787,148.0953,5.19,0.49,89.7,-147.6382,-3.03,-1.0578,299.0,-88.8787
248,training,3609,178699.0,5547,11875,140.3151,5.22,0.54,90.0,-148.6683,-2.89,-1.1706,300.0,-96.956
249,training,3611,174726.0,5426,11969,148.8725,5.17,0.54,89.7,-142.2897,-3.03,-1.1772,299.0,-93.3307
250,training,3608,205712.0,5623,12018,138.2398,5.24,0.55,90.6,-154.5369,-2.84,-1.194,302.0,-95.7893
251,training,3604,196727.0,5583,11972,148.9431,5.27,0.55,91.2,-150.0745,-2.53,-1.1898,304.0,-92.4627
252,training,3600,142551.0,5472,12101,188.9318,5.31,0.53,91.8,-114.6848,-2.42,-1.1514,306.0,-90.612
253,training,3600,184054.0,5499,12130,121.0528,5.25,0.54,90.9,-171.4769,-2.67,-1.167,303.0,-97.5333
254,training,3605,171656.0,5509,11836,151.1986,5.2,0.53,89.7,-144.5177,-2.75,-1.155,299.0,-89.0787
255,training,3610,174338.0,5603,11850,143.3558,5.24,0.53,90.3,-147.9828,-2.76,-1.1454,301.0,-96.056
256,training,3607,177141.0,5611,12148,146.078,5.28,0.55,91.2,-144.8675,-2.87,-1.1832,304.0,-100.2013
257,training,3600,175624.0,5341,11972,130.219,5.2,0.53,90.0,-158.671,-2.79,-1.152,300.0,-97.168
258,training,3606,153929.0,5533,11998,182.2114,5.26,0.53,90.9,-115.281,-2.87,-1.1496,303.0,-92.388
259,training,3600,236735.0,5443,12070,94.1568,5.28,0.56,90.9,-196.6824,-2.78,-1.2168,303.0,-99.064
260,training,3601,147209.0,5509,12081,185.3179,5.28,0.52,91.2,-118.1747,-2.59,-1.1334,304.0,-87.984
261,training,3603,185219.0,5532,12037,142.9464,5.27,0.56,90.9,-152.6146,-2.94,-1.2084,303.0,-94.1907
262,training,3607,146472.0,5383,12032,193.6612,5.23,0.54,90.3,-105.6646,-2.81,-1.1682,301.0,-87.996
263,training,3606,187117.0,5568,12005,127.9963,5.32,0.56,91.8,-167.4647,-2.59,-1.209,306.0,-98.54
264,training,3611,187544.0,5606,11776,129.8735,5.2,0.53,89.7,-162.0677,-2.77,-1.1568,299.0,-92.832
265,training,3602,159333.0,5500,12202,181.7977,5.33,0.57,92.4,-119.7101,-2.42,-1.2282,308.0,-95.244
266,training,3607,156727.0,5639,12022,158.0483,5.24,0.51,90.3,-139.0659,-2.96,-1.1058,301.0,-90.12
267,training,3612,136558.0,5673,11881,201.7218,5.23,0.53,90.9,-99.5245,-2.73,-1.149,303.0,-88.7747
268,training,3602,174636.0,5528,12052,165.8174,5.24,0.57,90.6,-131.4618,-2.68,-1.2408,302.0,-91.4
269,training,3608,146726.0,5655,11865,183.226,5.25,0.52,90.6,-117.4763,-2.72,-1.119,302.0,-88.0587
270,training,3602,154243.0,5553,11951,189.7788,5.23,0.54,90.6,-110.3224,-2.63,-1.1754,302.0,-88.6933
271,training,3606,176288.0,5515,12510,158.3722,5.41,0.55,93.6,-145.9399,-2.23,-1.2006,312.0,-97.8573
272,training,3602,151828.0,5567,12130,183.9467,5.35,0.53,92.4,-121.3438,-2.3,-1.1388,308.0,-91.6707
273,training,3604,173242.0,5532,12168,159.5613,5.33,0.55,92.1,-140.1636,-2.51,-1.1904,307.0,-95.6747
274,training,3603,219049.0,5606,12302,130.4091,5.43,0.57,93.6,-173.679,-2.32,-1.2306,312.0,-97.9613
275,training,3604,192368.0,5327,12309,141.91,5.31,0.58,92.1,-157.1828,-2.42,-1.2606,307.0,-96.3267
276,training,3606,179635.0,5638,12035,165.1947,5.33,0.55,91.8,-136.4254,-2.56,-1.1946,306.0,-92.4253
277,training,3600,188777.0,5487,12444,154.9932,5.44,0.56,93.6,-154.6649,-2.03,-1.2066,312.0,-92.7053
278,training,3604,182885.0,5629,12274,149.7281,5.38,0.56,93.0,-152.8747,-2.15,-1.2192,310.0,-97.028
279,training,3601,204242.0,5592,12539,139.7016,5.43,0.59,93.9,-164.9434,-1.99,-1.281,313.0,-98.984
280,training,3608,183663.0,5552,12432,171.1387,5.42,0.57,94.2,-137.7122,-1.97,-1.2378,314.0,-96.1413
281,training,3601,213040.0,5561,12566,137.6705,5.48,0.58,94.8,-168.1898,-1.85,-1.251,316.0,-101.8387
282,training,3604,179711.0,5548,12684,167.2295,5.55,0.59,95.7,-146.5219,-1.69,-1.2666,319.0,-97.992
283,training,3601,208526.0,5637,12407,133.2134,5.44,0.61,93.9,-173.322,-1.98,-1.3086,313.0,-97.076
284,training,3609,155000.0,5623,12407,176.7078,5.46,0.53,93.6,-128.2583,-1.95,-1.1412,312.0,-97.5427
285,training,3609,191811.0,5678,12477,157.3155,5.47,0.59,94.5,-150.9071,-2.06,-1.2774,315.0,-97.94
286,training,3607,189719.0,5619,12393,156.8885,5.41,0.59,93.9,-146.1076,-2.1,-1.2666,313.0,-100.5373
287,training,3602,169237.0,5535,12859,200.3088,5.65,0.61,97.8,-123.2703,-1.38,-1.3182,326.0,-97.5227
288,training,3603,190783.0,5576,12710,161.8716,5.56,0.61,96.3,-151.0722,-1.71,-1.3128,321.0,-101.3333
289,training,3612,167790.0,5482,12604,171.8596,5.52,0.55,95.4,-140.3307,-1.75,-1.197,318.0,-98.2627
290,training,3601,182976.0,5528,12830,158.8955,5.6,0.54,96.6,-157.4931,-1.44,-1.1688,322.0,-99.6027
291,training,3610,194688.0,5562,12564,144.4414,5.46,0.56,94.8,-162.9319,-1.86,-1.2174,316.0,-100.3493
292,training,3600,201539.0,5520,12478,144.0414,5.47,0.53,94.5,-167.5278,-1.83,-1.1502,315.0,-94.9507
293,training,3605,204724.0,5540,12825,142.0649,5.61,0.58,96.9,-172.262,-1.4,-1.2624,323.0,-102.9107
294,training,3604,173299.0,5608,13120,177.8612,5.74,0.57,99.3,-147.2395,-1.14,-1.23,331.0,-102.8293
295,training,3603,256502.0,5550,13346,149.9235,5.83,0.65,100.8,-180.0263,-0.98,-1.3956,336.0,-104.4747
296,training,3607,191463.0,5485,12993,160.8926,5.71,0.58,98.4,-160.3811,-1.29,-1.263,328.0,-102.5733
297,training,3601,165423.0,5636,12888,189.7363,5.73,0.56,98.4,-139.6573,-1.2,-1.2024,328.0,-94.604
298,training,3608,171436.0,5448,12956,198.2029,5.66,0.6,97.8,-122.4113,-1.33,-1.3038,326.0,-100.552
299,training,3602,216066.0,5372,12842,172.6019,5.61,0.64,96.9,-144.8413,-1.42,-1.3728,323.0,-99.664
300,training,3605,153320.0,5413,13163,204.6811,5.66,0.59,97.8,-120.9851,-1.46,-1.2684,326.0,-95.4053
301,training,3600,199075.0,5610,13096,159.9375,5.8,0.57,99.9,-167.2257,-1.03,-1.2228,333.0,-103.484
302,training,3601,181468.0,5468,13393,185.0403,5.88,0.6,101.1,-147.3476,-0.88,-1.2948,337.0,-103.5373
303,training,3607,209289.0,5507,13559,189.591,5.88,0.63,102.0,-148.0846,-0.77,-1.365,340.0,-102.1893
304,training,3607,170938.0,5564,13573,194.1995,5.89,0.61,102.0,-141.4675,-0.77,-1.311,340.0,-104.252
305,training,3602,194634.0,5513,13532,177.4256,5.92,0.61,102.3,-158.1177,-0.77,-1.3134,341.0,-105.6733
306,training,3602,203194.0,5535,13540,164.3934,5.94,0.62,102.3,-171.1405,-0.72,-1.3434,341.0,-105.7027
307,training,3608,235709.0,5545,13646,139.5653,5.98,0.67,103.2,-194.8028,-0.63,-1.4406,344.0,-110.7613
308,training,3606,172341.0,5689,13285,187.8196,5.9,0.57,101.7,-149.1608,-0.83,-1.2402,339.0,-101.6493
309,training,3604,196860.0,5546,13814,173.4171,6.02,0.63,103.8,-168.5054,-0.53,-1.3662,346.0,-105.9813
310,training,3605,185337.0,5602,13719,201.5247,6.11,0.62,105.0,-146.4309,-0.39,-1.3518,350.0,-105.3027
311,training,3605,175974.0,5600,13526,196.2303,5.97,0.61,103.2,-142.5525,-0.61,-1.3272,344.0,-106.48
312,training,3609,211471.0,5530,13928,196.2761,6.11,0.63,105.3,-156.086,-0.41,-1.3746,351.0,-102.1533
313,training,3604,189855.0,5529,13779,199.8011,6.07,0.63,104.7,-147.6151,-0.47,-1.3578,349.0,-104.456
314,training,3600,218063.0,5400,13922,157.3861,6.04,0.64,104.4,-184.8939,-0.45,-1.374,348.0,-108.296
315,training,3605,182546.0,5544,13768,196.0047,6.02,0.61,104.1,-148.827,-0.49,-1.317,347.0,-104.4613
316,training,3604,198968.0,5581,13708,182.9703,5.99,0.61,103.8,-159.8372,-0.53,-1.3158,346.0,-105.1467
317,training,3602,169786.0,5557,14088,230.6869,6.15,0.62,105.9,-124.7911,-0.29,-1.3374,353.0,-101.7947
318,training,3601,194152.0,5582,13886,184.8703,6.16,0.61,105.6,-166.2915,-0.31,-1.3242,352.0,-104.804
319,training,3601,244097.0,5572,14037,124.9895,6.14,0.66,105.6,-217.9074,-0.33,-1.4238,352.0,-112.9493
320,training,3605,178053.0,5631,13772,199.4773,6.08,0.6,105.0,-150.7764,-0.39,-1.3056,350.0,-103.0507
321,training,3601,210017.0,5578,13985,179.1624,6.12,0.64,105.6,-168.7657,-0.31,-1.3806,352.0,-107.9813
322,training,3607,201589.0,5670,13975,194.2996,6.14,0.67,106.5,-157.3146,-0.25,-1.4478,355.0,-108.188
323,training,3603,168162.0,5645,14061,235.8676,6.16,0.61,106.2,-121.8005,-0.27,-1.3206,354.0,-100.9413
324,training,3601,193476.0,5578,14048,203.3079,6.1,0.64,105.6,-146.8797,-0.33,-1.389,352.0,-105.6933
325,training,3602,166968.0,5462,14067,223.8035,6.14,0.6,105.9,-132.5631,-0.29,-1.3074,353.0,-100.936
326,training,3603,201641.0,5459,14274,186.4015,6.2,0.63,107.1,-167.3753,-0.15,-1.3572,357.0,-108.816
327,training,3601,216776.0,5541,13849,168.4691,6.08,0.62,104.7,-174.0637,-0.41,-1.3452,349.0,-109.412
328,training,3608,187529.0,5637,13881,203.3893,6.06,0.64,105.0,-141.4773,-0.43,-1.3794,350.0,-108.324
329,training,3601,198808.0,5474,13876,187.6253,6.06,0.62,104.7,-160.8044,-0.41,-1.347,349.0,-103.5133
330,training,3601,212456.0,5600,14112,180.7621,6.17,0.65,106.5,-170.1545,-0.21,-1.3974,355.0,-108.976
331,training,3605,159151.0,5679,13832,233.3798,6.12,0.6,105.9,-124.2213,-0.29,-1.2996,353.0,-99.7093
332,training,3605,181739.0,5574,13946,213.5812,6.12,0.64,105.9,-138.4741,-0.29,-1.3854,353.0,-105.1693
333,training,3604,200894.0,5560,14019,181.7623,6.13,0.62,105.6,-166.951,-0.33,-1.338,352.0,-107.2187
334,training,3601,212172.0,5585,14113,179.6144,6.17,0.65,106.5,-171.1814,-0.21,-1.3968,355.0,-109.0973
335,training,3605,197753.0,5574,13950,180.9582,6.16,0.62,105.9,-170.1699,-0.29,-1.3326,353.0,-106.1493
336,training,3603,193824.0,5563,14211,196.2722,6.2,0.62,107.1,-158.6004,-0.15,-1.3494,357.0,-107.728
337,training,3601,186889.0,5580,13981,193.6327,6.15,0.6,105.6,-159.8793,-0.31,-1.302,352.0,-102.476
338,training,3601,210505.0,5594,14159,177.2836,6.17,0.63,106.5,-174.7735,-0.21,-1.3662,355.0,-107.8667
339,training,3608,170280.0,5610,13935,214.7167,6.11,0.63,105.9,-137.1538,-0.31,-1.3662,353.0,-105.3533
340,training,3603,199403.0,5545,14062,175.2872,6.19,0.62,106.2,-174.5903,-0.25,-1.3458,354.0,-108.7267
341,training,3607,195194.0,5615,13845,183.4846,6.08,0.61,104.7,-163.6952,-0.45,-1.3302,349.0,-104.74
